-- --------------------------------------------------------
-- Host:                         46.101.177.78
-- Server version:               5.7.22-0ubuntu18.04.1 - (Ubuntu)
-- Server OS:                    Linux
-- HeidiSQL Version:             10.1.0.5464
-- --------------------------------------------------------

/*!40101 SET @OLD_CHARACTER_SET_CLIENT=@@CHARACTER_SET_CLIENT */;
/*!40101 SET NAMES utf8 */;
/*!50503 SET NAMES utf8mb4 */;
/*!40014 SET @OLD_FOREIGN_KEY_CHECKS=@@FOREIGN_KEY_CHECKS, FOREIGN_KEY_CHECKS=0 */;
/*!40101 SET @OLD_SQL_MODE=@@SQL_MODE, SQL_MODE='NO_AUTO_VALUE_ON_ZERO' */;


-- Dumping database structure for kabanchik
CREATE DATABASE IF NOT EXISTS `kabanchik` /*!40100 DEFAULT CHARACTER SET utf8 */;
USE `kabanchik`;

-- Dumping structure for table kabanchik.BATCH_JOB_EXECUTION
CREATE TABLE IF NOT EXISTS `BATCH_JOB_EXECUTION` (
  `JOB_EXECUTION_ID` bigint(20) NOT NULL,
  `VERSION` bigint(20) DEFAULT NULL,
  `JOB_INSTANCE_ID` bigint(20) NOT NULL,
  `CREATE_TIME` datetime NOT NULL,
  `START_TIME` datetime DEFAULT NULL,
  `END_TIME` datetime DEFAULT NULL,
  `STATUS` varchar(10) DEFAULT NULL,
  `EXIT_CODE` varchar(2500) DEFAULT NULL,
  `EXIT_MESSAGE` varchar(2500) DEFAULT NULL,
  `LAST_UPDATED` datetime DEFAULT NULL,
  `JOB_CONFIGURATION_LOCATION` varchar(2500) DEFAULT NULL,
  PRIMARY KEY (`JOB_EXECUTION_ID`),
  KEY `JOB_INST_EXEC_FK` (`JOB_INSTANCE_ID`),
  CONSTRAINT `JOB_INST_EXEC_FK` FOREIGN KEY (`JOB_INSTANCE_ID`) REFERENCES `BATCH_JOB_INSTANCE` (`JOB_INSTANCE_ID`)
) ENGINE=InnoDB DEFAULT CHARSET=utf8;

-- Dumping data for table kabanchik.BATCH_JOB_EXECUTION: ~6 rows (approximately)
/*!40000 ALTER TABLE `BATCH_JOB_EXECUTION` DISABLE KEYS */;
INSERT INTO `BATCH_JOB_EXECUTION` (`JOB_EXECUTION_ID`, `VERSION`, `JOB_INSTANCE_ID`, `CREATE_TIME`, `START_TIME`, `END_TIME`, `STATUS`, `EXIT_CODE`, `EXIT_MESSAGE`, `LAST_UPDATED`, `JOB_CONFIGURATION_LOCATION`) VALUES
	(1, 2, 1, '2018-11-06 05:30:28', '2018-11-06 05:30:28', '2018-11-06 05:30:29', 'COMPLETED', 'COMPLETED', '', '2018-11-06 05:30:29', NULL),
	(2, 2, 2, '2018-11-07 10:38:25', '2018-11-07 10:38:25', '2018-11-07 10:38:25', 'COMPLETED', 'COMPLETED', '', '2018-11-07 10:38:25', NULL),
	(3, 2, 3, '2018-11-08 04:34:11', '2018-11-08 04:34:14', '2018-11-08 04:34:16', 'COMPLETED', 'COMPLETED', '', '2018-11-08 04:34:16', NULL),
	(4, 2, 4, '2018-11-08 12:16:55', '2018-11-08 12:16:55', '2018-11-08 12:16:59', 'COMPLETED', 'COMPLETED', '', '2018-11-08 12:16:59', NULL),
	(5, 2, 5, '2019-02-10 06:56:38', '2019-02-10 06:56:39', '2019-02-10 06:56:43', 'FAILED', 'FAILED', 'org.springframework.batch.core.step.skip.SkipLimitExceededException: Skip limit of \'3\' exceeded\n	at org.springframework.batch.core.step.skip.LimitCheckingItemSkipPolicy.shouldSkip(LimitCheckingItemSkipPolicy.java:133)\n	at org.springframework.batch.core.step.skip.ExceptionClassifierSkipPolicy.shouldSkip(ExceptionClassifierSkipPolicy.java:70)\n	at org.springframework.batch.core.step.item.FaultTolerantChunkProcessor.shouldSkip(FaultTolerantChunkProcessor.java:495)\n	at org.springframework.batch.core.step.item.FaultTolerantChunkProcessor.access$500(FaultTolerantChunkProcessor.java:50)\n	at org.springframework.batch.core.step.item.FaultTolerantChunkProcessor$2.recover(FaultTolerantChunkProcessor.java:271)\n	at org.springframework.retry.support.RetryTemplate.handleRetryExhausted(RetryTemplate.java:512)\n	at org.springframework.retry.support.RetryTemplate.doExecute(RetryTemplate.java:351)\n	at org.springframework.retry.support.RetryTemplate.execute(RetryTemplate.java:211)\n	at org.springframework.batch.core.step.item.BatchRetryTemplate.execute(BatchRetryTemplate.java:217)\n	at org.springframework.batch.core.step.item.FaultTolerantChunkProcessor.transform(FaultTolerantChunkProcessor.java:290)\n	at org.springframework.batch.core.step.item.SimpleChunkProcessor.process(SimpleChunkProcessor.java:192)\n	at org.springframework.batch.core.step.item.ChunkOrientedTasklet.execute(ChunkOrientedTasklet.java:75)\n	at org.springframework.batch.core.step.tasklet.TaskletStep$ChunkTransactionCallback.doInTransaction(TaskletStep.java:406)\n	at org.springframework.batch.core.step.tasklet.TaskletStep$ChunkTransactionCallback.doInTransaction(TaskletStep.java:330)\n	at org.springframework.transaction.support.TransactionTemplate.execute(TransactionTemplate.java:133)\n	at org.springframework.batch.core.step.tasklet.TaskletStep$2.doInChunkContext(TaskletStep.java:272)\n	at org.springframework.batch.core.scope.context.StepContextRepeatCallback.doInIteration(StepContextRepeatCallback.java:81)\n	at org.springframework.batch.repeat.support.RepeatTemplate.getNextResult(RepeatTemplate.java:374)\n	at org.springframework.batch.repeat.support.RepeatTemplate.executeInternal(RepeatTemplate.java:215)\n	at org.springframework.batch.repeat.support.RepeatTemplate.iterate(RepeatTemplate.java:144)\n	at org.springframework.batch.core.step.tasklet.TaskletStep.doExecute(TaskletStep.java:257)\n	at org.springframework.batch.core.step.AbstractStep.execute(AbstractStep.java:200)\n	at org.springframework.batch.core.job.SimpleStepHand', '2019-02-10 06:56:43', NULL),
	(6, 2, 6, '2019-02-10 07:06:12', '2019-02-10 07:06:12', '2019-02-10 07:06:14', 'COMPLETED', 'COMPLETED', '', '2019-02-10 07:06:14', NULL);
/*!40000 ALTER TABLE `BATCH_JOB_EXECUTION` ENABLE KEYS */;

-- Dumping structure for table kabanchik.BATCH_JOB_EXECUTION_CONTEXT
CREATE TABLE IF NOT EXISTS `BATCH_JOB_EXECUTION_CONTEXT` (
  `JOB_EXECUTION_ID` bigint(20) NOT NULL,
  `SHORT_CONTEXT` varchar(2500) NOT NULL,
  `SERIALIZED_CONTEXT` text,
  PRIMARY KEY (`JOB_EXECUTION_ID`),
  CONSTRAINT `JOB_EXEC_CTX_FK` FOREIGN KEY (`JOB_EXECUTION_ID`) REFERENCES `BATCH_JOB_EXECUTION` (`JOB_EXECUTION_ID`)
) ENGINE=InnoDB DEFAULT CHARSET=utf8;

-- Dumping data for table kabanchik.BATCH_JOB_EXECUTION_CONTEXT: ~6 rows (approximately)
/*!40000 ALTER TABLE `BATCH_JOB_EXECUTION_CONTEXT` DISABLE KEYS */;
INSERT INTO `BATCH_JOB_EXECUTION_CONTEXT` (`JOB_EXECUTION_ID`, `SHORT_CONTEXT`, `SERIALIZED_CONTEXT`) VALUES
	(1, '{"map":[{"entry":[{"string":["reportPath","file:\\/\\/\\/opt\\/upload\\/kabanchik2\\/upload\\/accountEntry\\/test_1_report.csv"]},{"string":["AT_ERROR_3","\\"0006.1-70-38P\\",\\"123457890\\",\\"1.30\\",\\"UAH\\",\\"2018-01-01\\",\\"CUSTOMER\\",\\"\'Customer\' with id=123457890 not found.\\""]}]}]}', NULL),
	(2, '{"map":[""]}', NULL),
	(3, '{"map":[{"entry":[{"string":["AT_ERROR_2","\\"0006.1-70-38P\\",\\"1234567890\\",\\"1.20\\",\\"USD\\",\\"2018-01-01\\",\\"SUPPLIER\\",2,\\"app.text.supplier.: \'Supplier\' with id=1234567890 not found.\\""]},{"string":["reportPath","file:\\/\\/\\/opt\\/upload\\/kabanchik2\\/upload\\/accountEntry\\/test_3_report.csv"]},{"string":["AT_ERROR_3","\\"0006.1-70-38P\\",\\"12345qqq7890\\",\\"1.30\\",\\"UAH\\",\\"2018-01-01\\",\\"SUB_CONTRACTOR\\",3,\\"Goverment Id: Size must be between 8 and 10 characters\\""]}]}]}', NULL),
	(4, '{"map":[""]}', NULL),
	(5, '{"map":[{"entry":[{"string":["AT_ERROR_2","\\"0011-20-38P\\",\\"38119250\\",\\"114996.00\\",\\"UAH\\",\\"\\",\\"CUSTOMER\\",\\"true\\",\\"fin 50%\\",2,\\"Date: \'date\' may not be null\\""]},{"string":["AT_ERROR_1","\\"0011-20-38P\\",\\"38119250\\",\\"114996.00\\",\\"UAH\\",\\"\\",\\"CUSTOMER\\",\\"true\\",\\"adv 50%\\",1,\\"Date: \'date\' may not be null\\""]},{"string":["AT_ERROR_4","\\"0010.2-20-38P\\",\\"1000000001\\",\\"6675\\",\\"EUR\\",\\"\\",\\"CUSTOMER\\",\\"true\\",\\"PEP additional 267h\\",4,\\"Date: \'date\' may not be null\\""]},{"string":["AT_ERROR_3","\\"0010.1-20-38P\\",\\"1000000001\\",\\"9874.31\\",\\"EUR\\",\\"\\",\\"CUSTOMER\\",\\"true\\",\\"100% MRO + reimbursable\\",3,\\"Date: \'date\' may not be null\\""]}]}]}', NULL),
	(6, '{"map":[{"entry":[{"string":["reportPath","file:\\/\\/\\/opt\\/upload\\/kabanchik2\\/upload\\/accountEntry\\/example21_6_report.csv"]},{"string":["AT_ERROR_5","\\"0021-10-38P\\",\\"1000000001\\",\\"8260.25\\",\\"EUR\\",\\"2019-01-20\\",\\"CUSTOMER\\",\\"false\\",\\"LUA 100%\\",5,\\"\'TimesheetCategory\' with id=0021-10-38P not found.\\""]}]}]}', NULL);
/*!40000 ALTER TABLE `BATCH_JOB_EXECUTION_CONTEXT` ENABLE KEYS */;

-- Dumping structure for table kabanchik.BATCH_JOB_EXECUTION_PARAMS
CREATE TABLE IF NOT EXISTS `BATCH_JOB_EXECUTION_PARAMS` (
  `JOB_EXECUTION_ID` bigint(20) NOT NULL,
  `TYPE_CD` varchar(6) NOT NULL,
  `KEY_NAME` varchar(100) NOT NULL,
  `STRING_VAL` varchar(250) DEFAULT NULL,
  `DATE_VAL` datetime DEFAULT NULL,
  `LONG_VAL` bigint(20) DEFAULT NULL,
  `DOUBLE_VAL` double DEFAULT NULL,
  `IDENTIFYING` char(1) NOT NULL,
  KEY `JOB_EXEC_PARAMS_FK` (`JOB_EXECUTION_ID`),
  CONSTRAINT `JOB_EXEC_PARAMS_FK` FOREIGN KEY (`JOB_EXECUTION_ID`) REFERENCES `BATCH_JOB_EXECUTION` (`JOB_EXECUTION_ID`)
) ENGINE=InnoDB DEFAULT CHARSET=utf8;

-- Dumping data for table kabanchik.BATCH_JOB_EXECUTION_PARAMS: ~30 rows (approximately)
/*!40000 ALTER TABLE `BATCH_JOB_EXECUTION_PARAMS` DISABLE KEYS */;
INSERT INTO `BATCH_JOB_EXECUTION_PARAMS` (`JOB_EXECUTION_ID`, `TYPE_CD`, `KEY_NAME`, `STRING_VAL`, `DATE_VAL`, `LONG_VAL`, `DOUBLE_VAL`, `IDENTIFYING`) VALUES
	(1, 'STRING', 'filePath', 'file:///opt/upload/kabanchik2/upload/accountEntry/test.csv', '1970-01-01 00:00:00', 0, 0, 'Y'),
	(1, 'STRING', 'joinedFields', 'ProjectName,GovernmentId,Amount,CurrencyId,Date,AccountEntryType', '1970-01-01 00:00:00', 0, 0, 'Y'),
	(1, 'STRING', 'className', 'kabanchik.system.accountentry.dto.AccountEntryImportDTO', '1970-01-01 00:00:00', 0, 0, 'Y'),
	(1, 'STRING', 'skipFirstLine', 'TRUE', '1970-01-01 00:00:00', 0, 0, 'Y'),
	(1, 'LONG', 'timestamp', '', '1970-01-01 00:00:00', 1541482227598, 0, 'Y'),
	(2, 'STRING', 'filePath', 'file:///opt/upload/kabanchik2/upload/accountEntry/table.csv', '1970-01-01 00:00:00', 0, 0, 'Y'),
	(2, 'STRING', 'joinedFields', 'ProjectName,GovernmentId,Amount,CurrencyId,Date,AccountEntryType', '1970-01-01 00:00:00', 0, 0, 'Y'),
	(2, 'STRING', 'className', 'kabanchik.system.accountentry.dto.AccountEntryImportDTO', '1970-01-01 00:00:00', 0, 0, 'Y'),
	(2, 'STRING', 'skipFirstLine', 'TRUE', '1970-01-01 00:00:00', 0, 0, 'Y'),
	(2, 'LONG', 'timestamp', '', '1970-01-01 00:00:00', 1541587105167, 0, 'Y'),
	(3, 'STRING', 'filePath', 'file:///opt/upload/kabanchik2/upload/accountEntry/test.csv', '1970-01-01 00:00:00', 0, 0, 'Y'),
	(3, 'STRING', 'joinedFields', 'ProjectName,GovernmentId,Amount,CurrencyId,Date,AccountEntryType', '1970-01-01 00:00:00', 0, 0, 'Y'),
	(3, 'STRING', 'className', 'kabanchik.system.accountentry.dto.AccountEntryImportDTO', '1970-01-01 00:00:00', 0, 0, 'Y'),
	(3, 'STRING', 'skipFirstLine', 'TRUE', '1970-01-01 00:00:00', 0, 0, 'Y'),
	(3, 'LONG', 'timestamp', '', '1970-01-01 00:00:00', 1541651650584, 0, 'Y'),
	(4, 'STRING', 'filePath', 'file:///opt/upload/kabanchik2/upload/accountEntry/table.csv', '1970-01-01 00:00:00', 0, 0, 'Y'),
	(4, 'STRING', 'joinedFields', 'ProjectName,GovernmentId,Amount,CurrencyId,Date,AccountEntryType', '1970-01-01 00:00:00', 0, 0, 'Y'),
	(4, 'STRING', 'className', 'kabanchik.system.accountentry.dto.AccountEntryImportDTO', '1970-01-01 00:00:00', 0, 0, 'Y'),
	(4, 'STRING', 'skipFirstLine', 'TRUE', '1970-01-01 00:00:00', 0, 0, 'Y'),
	(4, 'LONG', 'timestamp', '', '1970-01-01 00:00:00', 1541679414870, 0, 'Y'),
	(5, 'STRING', 'filePath', 'file:///opt/upload/kabanchik2/upload/accountEntry/example2.csv', '1970-01-01 00:00:00', 0, 0, 'Y'),
	(5, 'STRING', 'joinedFields', 'ProjectName,GovernmentId,Amount,CurrencyId,Date,AccountEntryType,IsPayment,Description', '1970-01-01 00:00:00', 0, 0, 'Y'),
	(5, 'STRING', 'className', 'kabanchik.system.accountentry.dto.AccountEntryImportDTO', '1970-01-01 00:00:00', 0, 0, 'Y'),
	(5, 'STRING', 'skipFirstLine', 'TRUE', '1970-01-01 00:00:00', 0, 0, 'Y'),
	(5, 'LONG', 'timestamp', '', '1970-01-01 00:00:00', 1549781797890, 0, 'Y'),
	(6, 'STRING', 'filePath', 'file:///opt/upload/kabanchik2/upload/accountEntry/example21.csv', '1970-01-01 00:00:00', 0, 0, 'Y'),
	(6, 'STRING', 'joinedFields', 'ProjectName,GovernmentId,Amount,CurrencyId,Date,AccountEntryType,IsPayment,Description', '1970-01-01 00:00:00', 0, 0, 'Y'),
	(6, 'STRING', 'className', 'kabanchik.system.accountentry.dto.AccountEntryImportDTO', '1970-01-01 00:00:00', 0, 0, 'Y'),
	(6, 'STRING', 'skipFirstLine', 'TRUE', '1970-01-01 00:00:00', 0, 0, 'Y'),
	(6, 'LONG', 'timestamp', '', '1970-01-01 00:00:00', 1549782372219, 0, 'Y');
/*!40000 ALTER TABLE `BATCH_JOB_EXECUTION_PARAMS` ENABLE KEYS */;

-- Dumping structure for table kabanchik.BATCH_JOB_EXECUTION_SEQ
CREATE TABLE IF NOT EXISTS `BATCH_JOB_EXECUTION_SEQ` (
  `ID` bigint(20) NOT NULL,
  `UNIQUE_KEY` char(1) NOT NULL,
  UNIQUE KEY `UNIQUE_KEY_UN` (`UNIQUE_KEY`)
) ENGINE=InnoDB DEFAULT CHARSET=utf8;

-- Dumping data for table kabanchik.BATCH_JOB_EXECUTION_SEQ: ~1 rows (approximately)
/*!40000 ALTER TABLE `BATCH_JOB_EXECUTION_SEQ` DISABLE KEYS */;
INSERT INTO `BATCH_JOB_EXECUTION_SEQ` (`ID`, `UNIQUE_KEY`) VALUES
	(6, '0');
/*!40000 ALTER TABLE `BATCH_JOB_EXECUTION_SEQ` ENABLE KEYS */;

-- Dumping structure for table kabanchik.BATCH_JOB_INSTANCE
CREATE TABLE IF NOT EXISTS `BATCH_JOB_INSTANCE` (
  `JOB_INSTANCE_ID` bigint(20) NOT NULL,
  `VERSION` bigint(20) DEFAULT NULL,
  `JOB_NAME` varchar(100) NOT NULL,
  `JOB_KEY` varchar(32) NOT NULL,
  PRIMARY KEY (`JOB_INSTANCE_ID`),
  UNIQUE KEY `JOB_INST_UN` (`JOB_NAME`,`JOB_KEY`)
) ENGINE=InnoDB DEFAULT CHARSET=utf8;

-- Dumping data for table kabanchik.BATCH_JOB_INSTANCE: ~6 rows (approximately)
/*!40000 ALTER TABLE `BATCH_JOB_INSTANCE` DISABLE KEYS */;
INSERT INTO `BATCH_JOB_INSTANCE` (`JOB_INSTANCE_ID`, `VERSION`, `JOB_NAME`, `JOB_KEY`) VALUES
	(1, 0, 'csvImportJob', '83023bb6992379e2658e313f8580bd30'),
	(2, 0, 'csvImportJob', 'eb2230ed45f01525f317a0cdd66fb0aa'),
	(3, 0, 'csvImportJob', 'e895d6123e92a4abb6c5d4bd8155782d'),
	(4, 0, 'csvImportJob', '5f123cef2216619215063b396881058f'),
	(5, 0, 'csvImportJob', 'cea0ccd4ccc98ad510fbad9c5d043e64'),
	(6, 0, 'csvImportJob', 'c54a2c27146f0ffe2e3e42385125bc9a');
/*!40000 ALTER TABLE `BATCH_JOB_INSTANCE` ENABLE KEYS */;

-- Dumping structure for table kabanchik.BATCH_JOB_SEQ
CREATE TABLE IF NOT EXISTS `BATCH_JOB_SEQ` (
  `ID` bigint(20) NOT NULL,
  `UNIQUE_KEY` char(1) NOT NULL,
  UNIQUE KEY `UNIQUE_KEY_UN` (`UNIQUE_KEY`)
) ENGINE=InnoDB DEFAULT CHARSET=utf8;

-- Dumping data for table kabanchik.BATCH_JOB_SEQ: ~1 rows (approximately)
/*!40000 ALTER TABLE `BATCH_JOB_SEQ` DISABLE KEYS */;
INSERT INTO `BATCH_JOB_SEQ` (`ID`, `UNIQUE_KEY`) VALUES
	(6, '0');
/*!40000 ALTER TABLE `BATCH_JOB_SEQ` ENABLE KEYS */;

-- Dumping structure for table kabanchik.BATCH_STEP_EXECUTION
CREATE TABLE IF NOT EXISTS `BATCH_STEP_EXECUTION` (
  `STEP_EXECUTION_ID` bigint(20) NOT NULL,
  `VERSION` bigint(20) NOT NULL,
  `STEP_NAME` varchar(100) NOT NULL,
  `JOB_EXECUTION_ID` bigint(20) NOT NULL,
  `START_TIME` datetime NOT NULL,
  `END_TIME` datetime DEFAULT NULL,
  `STATUS` varchar(10) DEFAULT NULL,
  `COMMIT_COUNT` bigint(20) DEFAULT NULL,
  `READ_COUNT` bigint(20) DEFAULT NULL,
  `FILTER_COUNT` bigint(20) DEFAULT NULL,
  `WRITE_COUNT` bigint(20) DEFAULT NULL,
  `READ_SKIP_COUNT` bigint(20) DEFAULT NULL,
  `WRITE_SKIP_COUNT` bigint(20) DEFAULT NULL,
  `PROCESS_SKIP_COUNT` bigint(20) DEFAULT NULL,
  `ROLLBACK_COUNT` bigint(20) DEFAULT NULL,
  `EXIT_CODE` varchar(2500) DEFAULT NULL,
  `EXIT_MESSAGE` varchar(2500) DEFAULT NULL,
  `LAST_UPDATED` datetime DEFAULT NULL,
  PRIMARY KEY (`STEP_EXECUTION_ID`),
  KEY `JOB_EXEC_STEP_FK` (`JOB_EXECUTION_ID`),
  CONSTRAINT `JOB_EXEC_STEP_FK` FOREIGN KEY (`JOB_EXECUTION_ID`) REFERENCES `BATCH_JOB_EXECUTION` (`JOB_EXECUTION_ID`)
) ENGINE=InnoDB DEFAULT CHARSET=utf8;

-- Dumping data for table kabanchik.BATCH_STEP_EXECUTION: ~16 rows (approximately)
/*!40000 ALTER TABLE `BATCH_STEP_EXECUTION` DISABLE KEYS */;
INSERT INTO `BATCH_STEP_EXECUTION` (`STEP_EXECUTION_ID`, `VERSION`, `STEP_NAME`, `JOB_EXECUTION_ID`, `START_TIME`, `END_TIME`, `STATUS`, `COMMIT_COUNT`, `READ_COUNT`, `FILTER_COUNT`, `WRITE_COUNT`, `READ_SKIP_COUNT`, `WRITE_SKIP_COUNT`, `PROCESS_SKIP_COUNT`, `ROLLBACK_COUNT`, `EXIT_CODE`, `EXIT_MESSAGE`, `LAST_UPDATED`) VALUES
	(1, 4, 'csvImportStep', 1, '2018-11-06 05:30:28', '2018-11-06 05:30:29', 'COMPLETED', 2, 3, 0, 2, 0, 0, 1, 1, 'COMPLETED', '', '2018-11-06 05:30:29'),
	(2, 3, 'fileCleanupStep', 1, '2018-11-06 05:30:29', '2018-11-06 05:30:29', 'COMPLETED', 1, 0, 0, 0, 0, 0, 0, 0, 'COMPLETED', '', '2018-11-06 05:30:29'),
	(3, 3, 'errorReportingStep', 1, '2018-11-06 05:30:29', '2018-11-06 05:30:29', 'COMPLETED', 1, 0, 0, 0, 0, 0, 0, 0, 'COMPLETED', '', '2018-11-06 05:30:29'),
	(4, 3, 'csvImportStep', 2, '2018-11-07 10:38:25', '2018-11-07 10:38:25', 'COMPLETED', 1, 0, 0, 0, 0, 0, 0, 0, 'COMPLETED', '', '2018-11-07 10:38:25'),
	(5, 3, 'fileCleanupStep', 2, '2018-11-07 10:38:25', '2018-11-07 10:38:25', 'COMPLETED', 1, 0, 0, 0, 0, 0, 0, 0, 'COMPLETED', '', '2018-11-07 10:38:25'),
	(6, 3, 'errorReportingStep', 2, '2018-11-07 10:38:25', '2018-11-07 10:38:25', 'COMPLETED', 1, 0, 0, 0, 0, 0, 0, 0, 'COMPLETED', '', '2018-11-07 10:38:25'),
	(7, 4, 'csvImportStep', 3, '2018-11-08 04:34:14', '2018-11-08 04:34:16', 'COMPLETED', 2, 3, 0, 1, 0, 0, 2, 2, 'COMPLETED', '', '2018-11-08 04:34:16'),
	(8, 3, 'fileCleanupStep', 3, '2018-11-08 04:34:16', '2018-11-08 04:34:16', 'COMPLETED', 1, 0, 0, 0, 0, 0, 0, 0, 'COMPLETED', '', '2018-11-08 04:34:16'),
	(9, 3, 'errorReportingStep', 3, '2018-11-08 04:34:16', '2018-11-08 04:34:16', 'COMPLETED', 1, 0, 0, 0, 0, 0, 0, 0, 'COMPLETED', '', '2018-11-08 04:34:16'),
	(10, 3, 'csvImportStep', 4, '2018-11-08 12:16:55', '2018-11-08 12:16:56', 'COMPLETED', 1, 0, 0, 0, 0, 0, 0, 0, 'COMPLETED', '', '2018-11-08 12:16:56'),
	(11, 3, 'fileCleanupStep', 4, '2018-11-08 12:16:56', '2018-11-08 12:16:56', 'COMPLETED', 1, 0, 0, 0, 0, 0, 0, 0, 'COMPLETED', '', '2018-11-08 12:16:56'),
	(12, 3, 'errorReportingStep', 4, '2018-11-08 12:16:59', '2018-11-08 12:16:59', 'COMPLETED', 1, 0, 0, 0, 0, 0, 0, 0, 'COMPLETED', '', '2018-11-08 12:16:59'),
	(13, 3, 'csvImportStep', 5, '2019-02-10 06:56:39', '2019-02-10 06:56:43', 'FAILED', 1, 4, 0, 0, 0, 0, 3, 5, 'FAILED', 'org.springframework.batch.core.step.skip.SkipLimitExceededException: Skip limit of \'3\' exceeded\n	at org.springframework.batch.core.step.skip.LimitCheckingItemSkipPolicy.shouldSkip(LimitCheckingItemSkipPolicy.java:133)\n	at org.springframework.batch.core.step.skip.ExceptionClassifierSkipPolicy.shouldSkip(ExceptionClassifierSkipPolicy.java:70)\n	at org.springframework.batch.core.step.item.FaultTolerantChunkProcessor.shouldSkip(FaultTolerantChunkProcessor.java:495)\n	at org.springframework.batch.core.step.item.FaultTolerantChunkProcessor.access$500(FaultTolerantChunkProcessor.java:50)\n	at org.springframework.batch.core.step.item.FaultTolerantChunkProcessor$2.recover(FaultTolerantChunkProcessor.java:271)\n	at org.springframework.retry.support.RetryTemplate.handleRetryExhausted(RetryTemplate.java:512)\n	at org.springframework.retry.support.RetryTemplate.doExecute(RetryTemplate.java:351)\n	at org.springframework.retry.support.RetryTemplate.execute(RetryTemplate.java:211)\n	at org.springframework.batch.core.step.item.BatchRetryTemplate.execute(BatchRetryTemplate.java:217)\n	at org.springframework.batch.core.step.item.FaultTolerantChunkProcessor.transform(FaultTolerantChunkProcessor.java:290)\n	at org.springframework.batch.core.step.item.SimpleChunkProcessor.process(SimpleChunkProcessor.java:192)\n	at org.springframework.batch.core.step.item.ChunkOrientedTasklet.execute(ChunkOrientedTasklet.java:75)\n	at org.springframework.batch.core.step.tasklet.TaskletStep$ChunkTransactionCallback.doInTransaction(TaskletStep.java:406)\n	at org.springframework.batch.core.step.tasklet.TaskletStep$ChunkTransactionCallback.doInTransaction(TaskletStep.java:330)\n	at org.springframework.transaction.support.TransactionTemplate.execute(TransactionTemplate.java:133)\n	at org.springframework.batch.core.step.tasklet.TaskletStep$2.doInChunkContext(TaskletStep.java:272)\n	at org.springframework.batch.core.scope.context.StepContextRepeatCallback.doInIteration(StepContextRepeatCallback.java:81)\n	at org.springframework.batch.repeat.support.RepeatTemplate.getNextResult(RepeatTemplate.java:374)\n	at org.springframework.batch.repeat.support.RepeatTemplate.executeInternal(RepeatTemplate.java:215)\n	at org.springframework.batch.repeat.support.RepeatTemplate.iterate(RepeatTemplate.java:144)\n	at org.springframework.batch.core.step.tasklet.TaskletStep.doExecute(TaskletStep.java:257)\n	at org.springframework.batch.core.step.AbstractStep.execute(AbstractStep.java:200)\n	at org.springframework.batch.core.job.SimpleStepHand', '2019-02-10 06:56:43'),
	(14, 6, 'csvImportStep', 6, '2019-02-10 07:06:12', '2019-02-10 07:06:14', 'COMPLETED', 4, 6, 0, 5, 0, 0, 1, 1, 'COMPLETED', '', '2019-02-10 07:06:14'),
	(15, 3, 'fileCleanupStep', 6, '2019-02-10 07:06:14', '2019-02-10 07:06:14', 'COMPLETED', 1, 0, 0, 0, 0, 0, 0, 0, 'COMPLETED', '', '2019-02-10 07:06:14'),
	(16, 3, 'errorReportingStep', 6, '2019-02-10 07:06:14', '2019-02-10 07:06:14', 'COMPLETED', 1, 0, 0, 0, 0, 0, 0, 0, 'COMPLETED', '', '2019-02-10 07:06:14');
/*!40000 ALTER TABLE `BATCH_STEP_EXECUTION` ENABLE KEYS */;

-- Dumping structure for table kabanchik.BATCH_STEP_EXECUTION_CONTEXT
CREATE TABLE IF NOT EXISTS `BATCH_STEP_EXECUTION_CONTEXT` (
  `STEP_EXECUTION_ID` bigint(20) NOT NULL,
  `SHORT_CONTEXT` varchar(2500) NOT NULL,
  `SERIALIZED_CONTEXT` text,
  PRIMARY KEY (`STEP_EXECUTION_ID`),
  CONSTRAINT `STEP_EXEC_CTX_FK` FOREIGN KEY (`STEP_EXECUTION_ID`) REFERENCES `BATCH_STEP_EXECUTION` (`STEP_EXECUTION_ID`)
) ENGINE=InnoDB DEFAULT CHARSET=utf8;

-- Dumping data for table kabanchik.BATCH_STEP_EXECUTION_CONTEXT: ~16 rows (approximately)
/*!40000 ALTER TABLE `BATCH_STEP_EXECUTION_CONTEXT` DISABLE KEYS */;
INSERT INTO `BATCH_STEP_EXECUTION_CONTEXT` (`STEP_EXECUTION_ID`, `SHORT_CONTEXT`, `SERIALIZED_CONTEXT`) VALUES
	(1, '{"map":[{"entry":[{"string":["batch.taskletType","org.springframework.batch.core.step.item.ChunkOrientedTasklet"]},{"string":"FlatFileItemReader.read.count","int":4},{"string":["AT_ERROR_3","\\"0006.1-70-38P\\",\\"123457890\\",\\"1.30\\",\\"UAH\\",\\"2018-01-01\\",\\"CUSTOMER\\",\\"\'Customer\' with id=123457890 not found.\\""]},{"string":["batch.stepType","org.springframework.batch.core.step.tasklet.TaskletStep"]}]}]}', NULL),
	(2, '{"map":[{"entry":[{"string":["batch.taskletType","kabanchik.core.batch.FileDeletingTasklet"]},{"string":["batch.stepType","org.springframework.batch.core.step.tasklet.TaskletStep"]}]}]}', NULL),
	(3, '{"map":[{"entry":[{"string":["batch.taskletType","kabanchik.core.batch.ErrorReportingTasklet"]},{"string":["batch.stepType","org.springframework.batch.core.step.tasklet.TaskletStep"]}]}]}', NULL),
	(4, '{"map":[{"entry":[{"string":["batch.taskletType","org.springframework.batch.core.step.item.ChunkOrientedTasklet"]},{"string":"FlatFileItemReader.read.count","int":1},{"string":["batch.stepType","org.springframework.batch.core.step.tasklet.TaskletStep"]}]}]}', NULL),
	(5, '{"map":[{"entry":[{"string":["batch.taskletType","kabanchik.core.batch.FileDeletingTasklet"]},{"string":["batch.stepType","org.springframework.batch.core.step.tasklet.TaskletStep"]}]}]}', NULL),
	(6, '{"map":[{"entry":[{"string":["batch.taskletType","kabanchik.core.batch.ErrorReportingTasklet"]},{"string":["batch.stepType","org.springframework.batch.core.step.tasklet.TaskletStep"]}]}]}', NULL),
	(7, '{"map":[{"entry":[{"string":["AT_ERROR_2","\\"0006.1-70-38P\\",\\"1234567890\\",\\"1.20\\",\\"USD\\",\\"2018-01-01\\",\\"SUPPLIER\\",2,\\"app.text.supplier.: \'Supplier\' with id=1234567890 not found.\\""]},{"string":["batch.taskletType","org.springframework.batch.core.step.item.ChunkOrientedTasklet"]},{"string":"FlatFileItemReader.read.count","int":4},{"string":["AT_ERROR_3","\\"0006.1-70-38P\\",\\"12345qqq7890\\",\\"1.30\\",\\"UAH\\",\\"2018-01-01\\",\\"SUB_CONTRACTOR\\",3,\\"Goverment Id: Size must be between 8 and 10 characters\\""]},{"string":["batch.stepType","org.springframework.batch.core.step.tasklet.TaskletStep"]}]}]}', NULL),
	(8, '{"map":[{"entry":[{"string":["batch.taskletType","kabanchik.core.batch.FileDeletingTasklet"]},{"string":["batch.stepType","org.springframework.batch.core.step.tasklet.TaskletStep"]}]}]}', NULL),
	(9, '{"map":[{"entry":[{"string":["batch.taskletType","kabanchik.core.batch.ErrorReportingTasklet"]},{"string":["batch.stepType","org.springframework.batch.core.step.tasklet.TaskletStep"]}]}]}', NULL),
	(10, '{"map":[{"entry":[{"string":["batch.taskletType","org.springframework.batch.core.step.item.ChunkOrientedTasklet"]},{"string":"FlatFileItemReader.read.count","int":1},{"string":["batch.stepType","org.springframework.batch.core.step.tasklet.TaskletStep"]}]}]}', NULL),
	(11, '{"map":[{"entry":[{"string":["batch.taskletType","kabanchik.core.batch.FileDeletingTasklet"]},{"string":["batch.stepType","org.springframework.batch.core.step.tasklet.TaskletStep"]}]}]}', NULL),
	(12, '{"map":[{"entry":[{"string":["batch.taskletType","kabanchik.core.batch.ErrorReportingTasklet"]},{"string":["batch.stepType","org.springframework.batch.core.step.tasklet.TaskletStep"]}]}]}', NULL),
	(13, '{"map":[{"entry":[{"string":["AT_ERROR_2","\\"0011-20-38P\\",\\"38119250\\",\\"114996.00\\",\\"UAH\\",\\"\\",\\"CUSTOMER\\",\\"true\\",\\"fin 50%\\",2,\\"Date: \'date\' may not be null\\""]},{"string":["AT_ERROR_1","\\"0011-20-38P\\",\\"38119250\\",\\"114996.00\\",\\"UAH\\",\\"\\",\\"CUSTOMER\\",\\"true\\",\\"adv 50%\\",1,\\"Date: \'date\' may not be null\\""]},{"string":["batch.taskletType","org.springframework.batch.core.step.item.ChunkOrientedTasklet"]},{"string":"FlatFileItemReader.read.count","int":2},{"string":["AT_ERROR_4","\\"0010.2-20-38P\\",\\"1000000001\\",\\"6675\\",\\"EUR\\",\\"\\",\\"CUSTOMER\\",\\"true\\",\\"PEP additional 267h\\",4,\\"Date: \'date\' may not be null\\""]},{"string":["AT_ERROR_3","\\"0010.1-20-38P\\",\\"1000000001\\",\\"9874.31\\",\\"EUR\\",\\"\\",\\"CUSTOMER\\",\\"true\\",\\"100% MRO + reimbursable\\",3,\\"Date: \'date\' may not be null\\""]},{"string":["batch.stepType","org.springframework.batch.core.step.tasklet.TaskletStep"]}]}]}', NULL),
	(14, '{"map":[{"entry":[{"string":["batch.taskletType","org.springframework.batch.core.step.item.ChunkOrientedTasklet"]},{"string":"FlatFileItemReader.read.count","int":7},{"string":["batch.stepType","org.springframework.batch.core.step.tasklet.TaskletStep"]},{"string":["AT_ERROR_5","\\"0021-10-38P\\",\\"1000000001\\",\\"8260.25\\",\\"EUR\\",\\"2019-01-20\\",\\"CUSTOMER\\",\\"false\\",\\"LUA 100%\\",5,\\"\'TimesheetCategory\' with id=0021-10-38P not found.\\""]}]}]}', NULL),
	(15, '{"map":[{"entry":[{"string":["batch.taskletType","kabanchik.core.batch.FileDeletingTasklet"]},{"string":["batch.stepType","org.springframework.batch.core.step.tasklet.TaskletStep"]}]}]}', NULL),
	(16, '{"map":[{"entry":[{"string":["batch.taskletType","kabanchik.core.batch.ErrorReportingTasklet"]},{"string":["batch.stepType","org.springframework.batch.core.step.tasklet.TaskletStep"]}]}]}', NULL);
/*!40000 ALTER TABLE `BATCH_STEP_EXECUTION_CONTEXT` ENABLE KEYS */;

-- Dumping structure for table kabanchik.BATCH_STEP_EXECUTION_SEQ
CREATE TABLE IF NOT EXISTS `BATCH_STEP_EXECUTION_SEQ` (
  `ID` bigint(20) NOT NULL,
  `UNIQUE_KEY` char(1) NOT NULL,
  UNIQUE KEY `UNIQUE_KEY_UN` (`UNIQUE_KEY`)
) ENGINE=InnoDB DEFAULT CHARSET=utf8;

-- Dumping data for table kabanchik.BATCH_STEP_EXECUTION_SEQ: ~1 rows (approximately)
/*!40000 ALTER TABLE `BATCH_STEP_EXECUTION_SEQ` DISABLE KEYS */;
INSERT INTO `BATCH_STEP_EXECUTION_SEQ` (`ID`, `UNIQUE_KEY`) VALUES
	(16, '0');
/*!40000 ALTER TABLE `BATCH_STEP_EXECUTION_SEQ` ENABLE KEYS */;

-- Dumping structure for table kabanchik.bonuspayment
CREATE TABLE IF NOT EXISTS `bonuspayment` (
  `bonuspayment_id` int(11) NOT NULL AUTO_INCREMENT,
  `amount` decimal(19,2) NOT NULL,
  `comment` varchar(255) NOT NULL,
  `date` datetime NOT NULL,
  `timesheet_rate_id` int(11) NOT NULL,
  PRIMARY KEY (`bonuspayment_id`),
  KEY `FKpi8d7jlwxwlnsd00eqoywarms` (`timesheet_rate_id`),
  CONSTRAINT `FKpi8d7jlwxwlnsd00eqoywarms` FOREIGN KEY (`timesheet_rate_id`) REFERENCES `timesheet_rate` (`timesheet_rate_id`)
) ENGINE=InnoDB AUTO_INCREMENT=2 DEFAULT CHARSET=utf8;

-- Dumping data for table kabanchik.bonuspayment: ~0 rows (approximately)
/*!40000 ALTER TABLE `bonuspayment` DISABLE KEYS */;
/*!40000 ALTER TABLE `bonuspayment` ENABLE KEYS */;

-- Dumping structure for table kabanchik.categories
CREATE TABLE IF NOT EXISTS `categories` (
  `category_id` int(11) NOT NULL AUTO_INCREMENT,
  `name` varchar(255) NOT NULL,
  `description` varchar(21500) NOT NULL,
  `is_active` bit(1) NOT NULL DEFAULT b'1',
  PRIMARY KEY (`category_id`),
  UNIQUE KEY `Unique` (`name`)
) ENGINE=InnoDB AUTO_INCREMENT=5 DEFAULT CHARSET=utf8;

-- Dumping data for table kabanchik.categories: ~4 rows (approximately)
/*!40000 ALTER TABLE `categories` DISABLE KEYS */;
INSERT INTO `categories` (`category_id`, `name`, `description`, `is_active`) VALUES
	(1, 'Categ1', 'Categ1_Descr', b'1'),
	(2, 'Categ2', 'Categ2_Descr', b'1'),
	(3, 'Categ3', 'Categ3_Desc', b'1'),
	(4, 'Categ4', 'Categ4_Descr', b'0');
/*!40000 ALTER TABLE `categories` ENABLE KEYS */;

-- Dumping structure for table kabanchik.currency
CREATE TABLE IF NOT EXISTS `currency` (
  `currency_id` varchar(3) NOT NULL,
  `description` varchar(255) NOT NULL,
  `is_active` bit(1) NOT NULL,
  `name` varchar(50) NOT NULL,
  `rate` decimal(19,2) NOT NULL,
  PRIMARY KEY (`currency_id`),
  UNIQUE KEY `UK_ou8q9939fa4k88wjh17qwcmre` (`name`)
) ENGINE=InnoDB DEFAULT CHARSET=utf8;

-- Dumping data for table kabanchik.currency: ~5 rows (approximately)
/*!40000 ALTER TABLE `currency` DISABLE KEYS */;
INSERT INTO `currency` (`currency_id`, `description`, `is_active`, `name`, `rate`) VALUES
	('EUR', 'Euro', b'1', 'EUR', 29.59),
	('PLN', 'Polish złoty', b'1', 'PLN', 6.88),
	('RUB', 'Russian ruble', b'1', 'RUB', 0.40),
	('UAH', '', b'1', 'Hryvnya', 1.00),
	('USD', 'Dollar', b'1', 'USD', 26.31);
/*!40000 ALTER TABLE `currency` ENABLE KEYS */;

-- Dumping structure for table kabanchik.customer
CREATE TABLE IF NOT EXISTS `customer` (
  `customer_id` int(11) NOT NULL AUTO_INCREMENT,
  `description` varchar(255) NOT NULL,
  `government_id` varchar(10) NOT NULL,
  `is_active` bit(1) NOT NULL,
  `name` varchar(50) NOT NULL,
  PRIMARY KEY (`customer_id`),
  UNIQUE KEY `UK_fj4r2m4xl7sl61v7ibwxc97x3` (`government_id`),
  UNIQUE KEY `UK_crkjmjk1oj8gb6j6t5kt7gcxm` (`name`)
) ENGINE=InnoDB AUTO_INCREMENT=8 DEFAULT CHARSET=utf8;

-- Dumping data for table kabanchik.customer: ~7 rows (approximately)
/*!40000 ALTER TABLE `customer` DISABLE KEYS */;
INSERT INTO `customer` (`customer_id`, `description`, `government_id`, `is_active`, `name`) VALUES
	(1, 'ТОВ "ФАБЕР ІНТЕРНЕШЕНЕЛ"', '32913368', b'1', 'FABER'),
	(2, 'ТОВ "АБС ТЕХНОЛОДЖИ"', '38119250', b'1', 'Immochan'),
	(3, 'ТОВ "АПЛЕОНА ХСГ"', '33401286', b'1', 'Imerys'),
	(4, 'Client', '0000000000', b'1', 'Client'),
	(5, 'WSP Deutschland AG', '1000000001', b'1', 'WSP'),
	(6, 'ООО "БрянскАгрострой"', '3250521869', b'1', 'Miratorg'),
	(7, 'ЄРИСТІВСЬКИЙ ГЗК ТОВ', '35713283', b'1', 'Yerristovo');
/*!40000 ALTER TABLE `customer` ENABLE KEYS */;

-- Dumping structure for table kabanchik.department
CREATE TABLE IF NOT EXISTS `department` (
  `department_id` int(11) NOT NULL AUTO_INCREMENT,
  `description` varchar(255) NOT NULL,
  `is_active` bit(1) NOT NULL,
  `name` varchar(255) NOT NULL,
  `progress_reportable` bit(1) NOT NULL,
  PRIMARY KEY (`department_id`),
  UNIQUE KEY `Index 2` (`name`)
) ENGINE=InnoDB AUTO_INCREMENT=13 DEFAULT CHARSET=utf8;

-- Dumping data for table kabanchik.department: ~10 rows (approximately)
/*!40000 ALTER TABLE `department` DISABLE KEYS */;
INSERT INTO `department` (`department_id`, `description`, `is_active`, `name`, `progress_reportable`) VALUES
	(1, 'Architect', b'1', 'Architect', b'0'),
	(2, 'Admin', b'0', 'Admin', b'0'),
	(5, 'Electrical', b'1', 'Electrical', b'0'),
	(6, 'Project Engineer', b'1', 'Project Engineer', b'0'),
	(7, 'Project Manager', b'1', 'Project Manager', b'0'),
	(8, 'Construction Manager', b'1', 'Construction Manager', b'0'),
	(9, 'Structural', b'1', 'Structural', b'0'),
	(10, 'Mechanical', b'1', 'Mechanical', b'0'),
	(11, 'Management', b'1', 'Management', b'0'),
	(12, '', b'1', 'Student', b'0');
/*!40000 ALTER TABLE `department` ENABLE KEYS */;

-- Dumping structure for table kabanchik.holiday
CREATE TABLE IF NOT EXISTS `holiday` (
  `holiday_id` int(11) NOT NULL AUTO_INCREMENT,
  `date` datetime NOT NULL,
  `description` varchar(255) NOT NULL,
  `is_active` bit(1) NOT NULL,
  `name` varchar(255) NOT NULL,
  PRIMARY KEY (`holiday_id`),
  UNIQUE KEY `Index 2` (`date`)
) ENGINE=InnoDB AUTO_INCREMENT=14 DEFAULT CHARSET=utf8;

-- Dumping data for table kabanchik.holiday: ~12 rows (approximately)
/*!40000 ALTER TABLE `holiday` DISABLE KEYS */;
INSERT INTO `holiday` (`holiday_id`, `date`, `description`, `is_active`, `name`) VALUES
	(2, '2018-12-25 00:00:00', 'Christmas holiday', b'1', 'Christmas'),
	(3, '2018-10-15 00:00:00', 'Defender of Ukraine Day', b'1', 'Defender of Ukraine Day'),
	(4, '2019-01-06 00:00:00', 'Christmas day', b'1', 'Christmas 7.01'),
	(5, '2018-12-31 00:00:00', 'New Year', b'1', 'New Year'),
	(6, '2019-03-07 00:00:00', 'Women Day 2019', b'1', 'Women Day 2019'),
	(7, '2019-04-28 00:00:00', 'Easter 2019', b'1', 'Easter 2019'),
	(8, '2019-04-30 00:00:00', '1st May 2019', b'1', '1st May 2019'),
	(9, '2019-06-16 00:00:00', 'Trinity 2019', b'1', 'Trinity 2019'),
	(10, '2019-06-27 00:00:00', 'Constitution Day 2019', b'1', 'Constitution Day 2019'),
	(11, '2019-08-25 00:00:00', 'Independence Day', b'1', 'Independence Day'),
	(12, '2019-10-13 00:00:00', 'Defenders Day 2019', b'1', 'Defenders Day 2019'),
	(13, '2019-12-24 00:00:00', 'Christmas 25.12.2019', b'1', 'Christmas 25.12.2019');
/*!40000 ALTER TABLE `holiday` ENABLE KEYS */;

-- Dumping structure for table kabanchik.invoice
CREATE TABLE IF NOT EXISTS `invoice` (
  `invoice_id` int(11) NOT NULL AUTO_INCREMENT,
  `amount` decimal(19,2) NOT NULL,
  `currency_id` varchar(255) NOT NULL,
  `customer_id` int(11) NOT NULL,
  `date_planned` datetime NOT NULL,
  `date_posted` datetime DEFAULT NULL,
  `description` varchar(255) NOT NULL,
  `timesheet_category_id` int(11) NOT NULL,
  PRIMARY KEY (`invoice_id`),
  KEY `FKo0bwsmaaqrq6i9flisausgjb3` (`currency_id`),
  KEY `FK5e32ukwo9uknwhylogvta4po6` (`customer_id`),
  KEY `FKi5njorbhd44tjuhh179l9th3s` (`timesheet_category_id`),
  CONSTRAINT `FK5e32ukwo9uknwhylogvta4po6` FOREIGN KEY (`customer_id`) REFERENCES `customer` (`customer_id`),
  CONSTRAINT `FKi5njorbhd44tjuhh179l9th3s` FOREIGN KEY (`timesheet_category_id`) REFERENCES `timesheet_category` (`timesheet_category_id`),
  CONSTRAINT `FKo0bwsmaaqrq6i9flisausgjb3` FOREIGN KEY (`currency_id`) REFERENCES `currency` (`currency_id`)
) ENGINE=InnoDB AUTO_INCREMENT=13 DEFAULT CHARSET=utf8;

-- Dumping data for table kabanchik.invoice: ~12 rows (approximately)
/*!40000 ALTER TABLE `invoice` DISABLE KEYS */;
INSERT INTO `invoice` (`invoice_id`, `amount`, `currency_id`, `customer_id`, `date_planned`, `date_posted`, `description`, `timesheet_category_id`) VALUES
	(1, 558333.33, 'RUB', 4, '2019-03-04 00:00:00', '2019-03-04 00:00:00', 'adv', 72),
	(2, 302659.18, 'RUB', 4, '2019-04-01 00:00:00', NULL, 'AR-KR-GL', 72),
	(3, 736000.00, 'RUB', 4, '2019-05-07 00:00:00', '2019-03-19 00:00:00', 'Documents Send to expertize', 72),
	(4, 64800.00, 'UAH', 4, '2018-11-05 00:00:00', NULL, '100% AS', 39),
	(5, 54360.00, 'UAH', 4, '2018-12-24 00:00:00', NULL, '100% Design coordination', 39),
	(6, 160785.00, 'UAH', 7, '2018-07-24 00:00:00', '2018-07-24 00:00:00', '1st & 2nd phase adv', 12),
	(7, 45495.00, 'UAH', 7, '2018-09-25 00:00:00', NULL, '1st phase fin', 12),
	(8, 115290.00, 'UAH', 7, '2018-11-01 00:00:00', NULL, '2nd phase fin', 12),
	(9, 115290.00, 'UAH', 7, '2018-11-27 00:00:00', NULL, '3rd phase adv', 12),
	(10, 32362.50, 'UAH', 7, '2018-12-17 00:00:00', NULL, '4th phase adv', 12),
	(11, 115290.00, 'UAH', 7, '2019-02-05 00:00:00', NULL, '3rd phase fin', 12),
	(12, 32362.50, 'UAH', 7, '2019-03-25 00:00:00', NULL, '4th phase fin', 12);
/*!40000 ALTER TABLE `invoice` ENABLE KEYS */;

-- Dumping structure for table kabanchik.localizations
CREATE TABLE IF NOT EXISTS `localizations` (
  `localization_id` varchar(2) NOT NULL,
  `name` varchar(255) NOT NULL,
  `is_active` bit(1) NOT NULL DEFAULT b'1',
  `is_default` bit(1) NOT NULL DEFAULT b'0',
  PRIMARY KEY (`localization_id`),
  UNIQUE KEY `UK_jaf0m8p3ooo36q690wp7966hd` (`name`)
) ENGINE=InnoDB DEFAULT CHARSET=utf8;

-- Dumping data for table kabanchik.localizations: ~3 rows (approximately)
/*!40000 ALTER TABLE `localizations` DISABLE KEYS */;
INSERT INTO `localizations` (`localization_id`, `name`, `is_active`, `is_default`) VALUES
	('EN', 'English', b'1', b'1'),
	('RU', 'Russian', b'1', b'0'),
	('UA', 'Ukrainian', b'1', b'0');
/*!40000 ALTER TABLE `localizations` ENABLE KEYS */;

-- Dumping structure for table kabanchik.outcome_entry
CREATE TABLE IF NOT EXISTS `outcome_entry` (
  `outcome_entry_id` int(11) NOT NULL AUTO_INCREMENT,
  `outcome_entry_type` enum('SUB_CONTRACTOR','SUPPLIER') NOT NULL,
  `amount` decimal(19,2) NOT NULL,
  `currency_id` varchar(255) NOT NULL,
  `date` datetime NOT NULL,
  `parent_id` int(11) NOT NULL,
  `timesheet_category_id` int(11) NOT NULL,
  `description` varchar(255) NOT NULL,
  `is_for_plan` bit(1) NOT NULL,
  PRIMARY KEY (`outcome_entry_id`),
  KEY `FKjtodybyy43pb71irdj0mcf9tp` (`currency_id`),
  KEY `FK3iytr0jncsf3qlb1rw47m5iue` (`timesheet_category_id`),
  CONSTRAINT `FK3iytr0jncsf3qlb1rw47m5iue` FOREIGN KEY (`timesheet_category_id`) REFERENCES `timesheet_category` (`timesheet_category_id`),
  CONSTRAINT `FKb91vddisbu4o0uisnhgifmuk7` FOREIGN KEY (`currency_id`) REFERENCES `currency` (`currency_id`),
  CONSTRAINT `FKd6jy2ql4n0i14l3e3ridu3mj9` FOREIGN KEY (`timesheet_category_id`) REFERENCES `timesheet_category` (`timesheet_category_id`),
  CONSTRAINT `FKjtodybyy43pb71irdj0mcf9tp` FOREIGN KEY (`currency_id`) REFERENCES `currency` (`currency_id`)
) ENGINE=InnoDB AUTO_INCREMENT=121 DEFAULT CHARSET=utf8;

-- Dumping data for table kabanchik.outcome_entry: ~37 rows (approximately)
/*!40000 ALTER TABLE `outcome_entry` DISABLE KEYS */;
INSERT INTO `outcome_entry` (`outcome_entry_id`, `outcome_entry_type`, `amount`, `currency_id`, `date`, `parent_id`, `timesheet_category_id`, `description`, `is_for_plan`) VALUES
	(23, 'SUB_CONTRACTOR', 305090.52, 'UAH', '2018-10-25 00:00:00', 3, 27, 'adv 50% HVAC', b'0'),
	(24, 'SUB_CONTRACTOR', 83672.00, 'UAH', '2018-12-06 00:00:00', 2, 27, 'adv 20% EL', b'0'),
	(26, 'SUB_CONTRACTOR', 68150.00, 'UAH', '2018-12-28 00:00:00', 4, 27, '2nd WS 25%', b'0'),
	(27, 'SUB_CONTRACTOR', 47952.00, 'UAH', '2018-07-31 00:00:00', 4, 27, 'adv 30% HVAC', b'0'),
	(30, 'SUPPLIER', 2694.00, 'UAH', '2018-11-30 00:00:00', 3, 39, 'AS', b'0'),
	(31, 'SUPPLIER', 3055.00, 'UAH', '2018-12-30 00:00:00', 3, 39, 'AS', b'0'),
	(41, 'SUPPLIER', 520.00, 'UAH', '2018-11-05 00:00:00', 3, 39, '', b'1'),
	(42, 'SUPPLIER', 1116.00, 'UAH', '2018-11-06 00:00:00', 4, 39, '', b'1'),
	(43, 'SUPPLIER', 520.00, 'UAH', '2018-12-10 00:00:00', 3, 39, '', b'1'),
	(44, 'SUPPLIER', 1116.00, 'UAH', '2018-12-10 00:00:00', 4, 39, '', b'1'),
	(45, 'SUPPLIER', 520.00, 'UAH', '2018-12-17 00:00:00', 3, 39, '', b'1'),
	(46, 'SUPPLIER', 1116.00, 'UAH', '2018-12-17 00:00:00', 4, 39, '', b'1'),
	(52, 'SUPPLIER', 10000.00, 'UAH', '2019-04-03 00:00:00', 3, 39, '', b'1'),
	(53, 'SUPPLIER', 10000.00, 'UAH', '2019-02-05 00:00:00', 3, 39, '', b'1'),
	(54, 'SUB_CONTRACTOR', 479520.00, 'UAH', '2019-03-25 00:00:00', 4, 27, '2nd WS sub', b'1'),
	(71, 'SUB_CONTRACTOR', 184000.00, 'RUB', '2019-02-05 00:00:00', 6, 60, '', b'1'),
	(73, 'SUB_CONTRACTOR', 4480.00, 'UAH', '2019-01-28 00:00:00', 7, 58, 'Tatiana Oleinik', b'1'),
	(74, 'SUB_CONTRACTOR', 4480.00, 'UAH', '2019-02-19 00:00:00', 7, 58, 'TO', b'0'),
	(75, 'SUB_CONTRACTOR', 21000.00, 'UAH', '2019-02-25 00:00:00', 7, 57, 'Evgenia Moskovkina', b'1'),
	(76, 'SUB_CONTRACTOR', 6300.00, 'UAH', '2019-02-25 00:00:00', 7, 57, 'Evgenii Maltsev', b'1'),
	(77, 'SUB_CONTRACTOR', 6300.00, 'UAH', '2019-02-25 00:00:00', 7, 57, 'Fire alarm', b'1'),
	(78, 'SUB_CONTRACTOR', 10500.00, 'UAH', '2019-01-29 00:00:00', 7, 57, 'Evgenia Moskovkina', b'0'),
	(82, 'SUB_CONTRACTOR', 10000.00, 'UAH', '2019-02-05 00:00:00', 7, 61, 'Firefighting', b'1'),
	(83, 'SUB_CONTRACTOR', 25000.00, 'UAH', '2019-02-04 00:00:00', 7, 61, 'Electrical', b'1'),
	(104, 'SUB_CONTRACTOR', 5000.00, 'UAH', '2018-08-14 00:00:00', 7, 12, 'Моделирование поверхности', b'0'),
	(105, 'SUB_CONTRACTOR', 2668.00, 'UAH', '2018-11-01 00:00:00', 7, 12, 'Моделирование поверхности', b'0'),
	(106, 'SUB_CONTRACTOR', 5000.00, 'UAH', '2018-08-14 00:00:00', 7, 12, 'Моделирование  наружных сетей', b'0'),
	(107, 'SUB_CONTRACTOR', 6980.00, 'UAH', '2018-11-01 00:00:00', 7, 12, 'Моделирование  наружных сетей', b'0'),
	(108, 'SUB_CONTRACTOR', 48755.00, 'UAH', '2019-04-22 00:00:00', 7, 12, '', b'1'),
	(109, 'SUB_CONTRACTOR', 17040.00, 'UAH', '2018-11-01 00:00:00', 7, 12, 'Моделироание вспомагательных сооружений, фундаментов для наружных сетей', b'0'),
	(110, 'SUB_CONTRACTOR', 11502.00, 'UAH', '2018-11-01 00:00:00', 7, 12, 'Моделирование благоустройства', b'0'),
	(111, 'SUPPLIER', 3216.46, 'UAH', '2018-08-01 00:00:00', 3, 12, '', b'0'),
	(112, 'SUPPLIER', 60.00, 'UAH', '2018-11-01 00:00:00', 3, 12, '', b'0'),
	(113, 'SUPPLIER', 3868.00, 'UAH', '2018-12-24 00:00:00', 3, 12, '', b'0'),
	(118, 'SUB_CONTRACTOR', 10000.00, 'UAH', '2018-08-14 00:00:00', 7, 12, '', b'1'),
	(119, 'SUB_CONTRACTOR', 38190.00, 'UAH', '2018-10-30 00:00:00', 7, 12, '', b'1'),
	(120, 'SUB_CONTRACTOR', 73189.00, 'UAH', '2019-03-26 00:00:00', 7, 12, '', b'1');
/*!40000 ALTER TABLE `outcome_entry` ENABLE KEYS */;

-- Dumping structure for table kabanchik.payment
CREATE TABLE IF NOT EXISTS `payment` (
  `payment_id` int(11) NOT NULL AUTO_INCREMENT,
  `amount` decimal(19,2) NOT NULL,
  `currency_id` varchar(255) NOT NULL,
  `date` datetime NOT NULL,
  `description` varchar(255) NOT NULL,
  `invoice_id` int(11) NOT NULL,
  `is_for_plan` bit(1) NOT NULL,
  PRIMARY KEY (`payment_id`),
  KEY `FKk98gf63n5wq9dol716srx3nw0` (`currency_id`),
  KEY `FKsb24p8f52refbb80qwp4gem9n` (`invoice_id`),
  CONSTRAINT `FKk98gf63n5wq9dol716srx3nw0` FOREIGN KEY (`currency_id`) REFERENCES `currency` (`currency_id`),
  CONSTRAINT `FKsb24p8f52refbb80qwp4gem9n` FOREIGN KEY (`invoice_id`) REFERENCES `invoice` (`invoice_id`)
) ENGINE=InnoDB AUTO_INCREMENT=21 DEFAULT CHARSET=utf8;

-- Dumping data for table kabanchik.payment: ~17 rows (approximately)
/*!40000 ALTER TABLE `payment` DISABLE KEYS */;
INSERT INTO `payment` (`payment_id`, `amount`, `currency_id`, `date`, `description`, `invoice_id`, `is_for_plan`) VALUES
	(2, 558333.33, 'RUB', '2019-03-12 00:00:00', '', 1, b'1'),
	(4, 64800.00, 'UAH', '2018-11-19 00:00:00', '100% AS', 4, b'1'),
	(5, 54360.00, 'UAH', '2019-01-28 00:00:00', '', 5, b'1'),
	(6, 302659.18, 'RUB', '2019-04-08 00:00:00', '', 2, b'1'),
	(8, 45495.00, 'UAH', '2018-10-02 00:00:00', '', 7, b'1'),
	(9, 115290.00, 'UAH', '2018-11-06 00:00:00', '', 8, b'1'),
	(10, 115290.00, 'UAH', '2018-12-17 00:00:00', '', 9, b'1'),
	(11, 32362.50, 'UAH', '2018-12-17 00:00:00', '', 10, b'1'),
	(12, 115290.00, 'UAH', '2019-03-07 00:00:00', '', 11, b'1'),
	(13, 32362.50, 'UAH', '2019-04-10 00:00:00', '', 12, b'1'),
	(14, 160785.00, 'UAH', '2018-07-30 00:00:00', '', 6, b'0'),
	(15, 45495.00, 'UAH', '2018-10-05 00:00:00', '', 7, b'0'),
	(16, 115290.00, 'UAH', '2018-11-07 00:00:00', '', 8, b'0'),
	(17, 115290.00, 'UAH', '2018-12-22 00:00:00', '', 9, b'0'),
	(18, 32362.50, 'UAH', '2018-12-22 00:00:00', '', 10, b'0'),
	(19, 115290.00, 'UAH', '2019-03-06 00:00:00', '', 11, b'0'),
	(20, 160785.00, 'UAH', '2018-08-01 00:00:00', '', 6, b'1');
/*!40000 ALTER TABLE `payment` ENABLE KEYS */;

-- Dumping structure for table kabanchik.progress
CREATE TABLE IF NOT EXISTS `progress` (
  `progress_id` int(11) NOT NULL AUTO_INCREMENT,
  `amount` int(11) NOT NULL,
  `date` datetime NOT NULL,
  `description` varchar(255) NOT NULL,
  `is_for_plan` bit(1) NOT NULL,
  `parent_id` int(11) NOT NULL,
  `progress_entry_type` enum('SUB_CONTRACTOR','DEPARTMENT') NOT NULL,
  `timesheet_category_id` int(11) NOT NULL,
  PRIMARY KEY (`progress_id`),
  KEY `FK3juucnthvf0rbbio4ln4x0isc` (`timesheet_category_id`),
  CONSTRAINT `FK3juucnthvf0rbbio4ln4x0isc` FOREIGN KEY (`timesheet_category_id`) REFERENCES `timesheet_category` (`timesheet_category_id`)
) ENGINE=InnoDB AUTO_INCREMENT=12 DEFAULT CHARSET=utf8;

-- Dumping data for table kabanchik.progress: ~5 rows (approximately)
/*!40000 ALTER TABLE `progress` DISABLE KEYS */;
INSERT INTO `progress` (`progress_id`, `amount`, `date`, `description`, `is_for_plan`, `parent_id`, `progress_entry_type`, `timesheet_category_id`) VALUES
	(5, 10, '2019-03-04 00:00:00', '', b'1', 1, 'DEPARTMENT', 72),
	(8, 10, '2019-03-04 00:00:00', '', b'1', 10, 'DEPARTMENT', 72),
	(9, 80, '2019-03-13 00:00:00', '', b'1', 1, 'DEPARTMENT', 12),
	(10, 10, '2019-03-13 00:00:00', '', b'1', 2, 'SUB_CONTRACTOR', 12),
	(11, 50, '2019-02-05 00:00:00', '', b'1', 6, 'SUB_CONTRACTOR', 60);
/*!40000 ALTER TABLE `progress` ENABLE KEYS */;

-- Dumping structure for table kabanchik.subcontractor
CREATE TABLE IF NOT EXISTS `subcontractor` (
  `subcontractor_id` int(11) NOT NULL AUTO_INCREMENT,
  `description` varchar(255) NOT NULL,
  `government_id` varchar(10) NOT NULL,
  `is_active` bit(1) NOT NULL,
  `name` varchar(50) NOT NULL,
  `progress_reportable` bit(1) NOT NULL,
  PRIMARY KEY (`subcontractor_id`),
  UNIQUE KEY `UK_qr9uv3do3m6tqa3eqkf76i4q8` (`government_id`),
  UNIQUE KEY `UK_ifwdj9wdns5q65jdtuslo57ky` (`name`)
) ENGINE=InnoDB AUTO_INCREMENT=8 DEFAULT CHARSET=utf8;

-- Dumping data for table kabanchik.subcontractor: ~7 rows (approximately)
/*!40000 ALTER TABLE `subcontractor` DISABLE KEYS */;
INSERT INTO `subcontractor` (`subcontractor_id`, `description`, `government_id`, `is_active`, `name`, `progress_reportable`) VALUES
	(1, 'ТОВ "Гідрозахист"', '24729256', b'1', 'Gydrozahyst', b'0'),
	(2, 'ТОВ "ЕКІПА"', '39091011', b'1', 'Ekipa', b'0'),
	(3, 'ВТП ТРАНСЕКСПО, ТОВ', '39521561', b'1', 'Transexpo', b'0'),
	(4, 'ШПИЛЯК ВАСИЛЬ МИХАЙЛОВИЧ ФОП', '3058706174', b'1', 'HVAC&WS Subs', b'0'),
	(5, 'ЯЦІВ ОЛЬГА МИРОСЛАВІВНА ФОП', '2986610042', b'1', 'Olha Yatsiv', b'0'),
	(6, 'Bella Hutieva', '0000000111', b'1', 'Bella Hutieva', b'0'),
	(7, '', '0000000001', b'1', 'Subcontractor', b'0');
/*!40000 ALTER TABLE `subcontractor` ENABLE KEYS */;

-- Dumping structure for table kabanchik.sub_categories
CREATE TABLE IF NOT EXISTS `sub_categories` (
  `sub_category_id` int(11) NOT NULL AUTO_INCREMENT,
  `name` varchar(255) NOT NULL,
  `description` varchar(21500) NOT NULL,
  `is_active` bit(1) NOT NULL DEFAULT b'1',
  `category_id` int(11) NOT NULL,
  PRIMARY KEY (`sub_category_id`),
  UNIQUE KEY `Unique` (`name`),
  KEY `FKjwy7imy3rf6r99x48ydq45otw` (`category_id`),
  CONSTRAINT `FKjwy7imy3rf6r99x48ydq45otw` FOREIGN KEY (`category_id`) REFERENCES `categories` (`category_id`)
) ENGINE=InnoDB AUTO_INCREMENT=5 DEFAULT CHARSET=utf8;

-- Dumping data for table kabanchik.sub_categories: ~4 rows (approximately)
/*!40000 ALTER TABLE `sub_categories` DISABLE KEYS */;
INSERT INTO `sub_categories` (`sub_category_id`, `name`, `description`, `is_active`, `category_id`) VALUES
	(1, 'SubCat1', 'SubCat1_Descr', b'1', 1),
	(2, 'SubCat2', 'SubCat2_Descr', b'1', 1),
	(3, 'SubCat3', 'SubCat3_Descr', b'1', 2),
	(4, 'SubCat4', 'SubCat4_Descr', b'1', 3);
/*!40000 ALTER TABLE `sub_categories` ENABLE KEYS */;

-- Dumping structure for table kabanchik.supplier
CREATE TABLE IF NOT EXISTS `supplier` (
  `supplier_id` int(11) NOT NULL AUTO_INCREMENT,
  `description` varchar(255) NOT NULL,
  `government_id` varchar(10) NOT NULL,
  `is_active` bit(1) NOT NULL,
  `name` varchar(50) NOT NULL,
  PRIMARY KEY (`supplier_id`),
  UNIQUE KEY `UK_poylyodt92mxisgu9c2w7ho4l` (`government_id`),
  UNIQUE KEY `UK_c3fclhmodftxk4d0judiafwi3` (`name`)
) ENGINE=InnoDB AUTO_INCREMENT=5 DEFAULT CHARSET=utf8;

-- Dumping data for table kabanchik.supplier: ~4 rows (approximately)
/*!40000 ALTER TABLE `supplier` DISABLE KEYS */;
INSERT INTO `supplier` (`supplier_id`, `description`, `government_id`, `is_active`, `name`) VALUES
	(1, 'ПАХОМОВ РОМАН ВАСИЛЬОВИЧ, ФОП', '2936620836', b'1', 'Printing_Pahomov'),
	(2, 'ТДВ "СК"ІСТ"', '39099398', b'1', 'Project Insurance'),
	(3, 'Travel & accommodation', '00000000', b'1', 'Travel & accommodation'),
	(4, 'Allowances', '00000001', b'1', 'Allowances');
/*!40000 ALTER TABLE `supplier` ENABLE KEYS */;

-- Dumping structure for table kabanchik.timesheet
CREATE TABLE IF NOT EXISTS `timesheet` (
  `timesheet_id` int(11) NOT NULL AUTO_INCREMENT,
  `amount` decimal(4,2) NOT NULL,
  `comment` text NOT NULL,
  `status` enum('EDITABLE','POSTED','APPROVED','DECLINED','PLANNED') NOT NULL,
  `timesheet_rate_id` int(11) NOT NULL,
  `date` date NOT NULL,
  PRIMARY KEY (`timesheet_id`),
  KEY `FK5yy15p0q5yde9ih6i06fswpi4` (`timesheet_rate_id`),
  CONSTRAINT `FK5yy15p0q5yde9ih6i06fswpi4` FOREIGN KEY (`timesheet_rate_id`) REFERENCES `timesheet_rate` (`timesheet_rate_id`)
) ENGINE=InnoDB AUTO_INCREMENT=3484 DEFAULT CHARSET=utf8;

-- Dumping data for table kabanchik.timesheet: ~3,233 rows (approximately)
/*!40000 ALTER TABLE `timesheet` DISABLE KEYS */;
INSERT INTO `timesheet` (`timesheet_id`, `amount`, `comment`, `status`, `timesheet_rate_id`, `date`) VALUES
	(53, 10.00, '', 'DECLINED', 22, '2018-04-04'),
	(54, 3.00, 'qweqwe', 'POSTED', 29, '2017-04-04'),
	(55, 3.00, 'test', 'EDITABLE', 29, '2018-03-26'),
	(56, 5.00, 'test2', 'DECLINED', 29, '2018-01-01'),
	(57, 33.00, '33', 'EDITABLE', 9, '2018-04-04'),
	(58, 44.00, '44', 'DECLINED', 11, '2018-04-11'),
	(74, 1.00, '', 'EDITABLE', 9, '2017-03-13'),
	(75, 1.00, '', 'EDITABLE', 29, '2017-03-27'),
	(76, 2.00, '', 'EDITABLE', 9, '2018-03-26'),
	(78, 3.00, '', 'DECLINED', 11, '2018-03-26'),
	(79, 12.00, '', 'EDITABLE', 16, '2018-03-26'),
	(80, 8.00, '', 'APPROVED', 32, '2018-01-29'),
	(81, 34.00, '', 'APPROVED', 32, '2018-02-05'),
	(82, 8.00, '', 'APPROVED', 32, '2018-02-12'),
	(83, 8.00, '', 'APPROVED', 32, '2018-02-19'),
	(84, 8.00, '', 'APPROVED', 32, '2018-02-26'),
	(85, 8.00, '', 'APPROVED', 42, '2018-02-12'),
	(86, 16.00, '', 'APPROVED', 43, '2018-02-12'),
	(87, 8.00, '', 'APPROVED', 42, '2018-02-19'),
	(88, 16.00, '', 'APPROVED', 43, '2018-02-19'),
	(89, 8.00, '', 'APPROVED', 42, '2018-02-26'),
	(90, 24.00, '', 'APPROVED', 43, '2018-02-26'),
	(91, 22.00, '', 'APPROVED', 43, '2018-03-05'),
	(92, 40.00, '', 'APPROVED', 43, '2018-03-12'),
	(93, 17.00, '', 'APPROVED', 43, '2018-03-19'),
	(94, 12.00, '', 'APPROVED', 43, '2018-03-26'),
	(95, 8.00, '', 'APPROVED', 45, '2018-03-05'),
	(96, 16.00, '', 'APPROVED', 45, '2018-03-19'),
	(97, 9.00, '', 'APPROVED', 45, '2018-03-26'),
	(98, 2.00, '', 'APPROVED', 79, '2018-03-05'),
	(99, 7.00, '', 'APPROVED', 79, '2018-03-19'),
	(100, 3.00, '', 'APPROVED', 79, '2018-03-26'),
	(101, 16.00, '', 'APPROVED', 67, '2018-03-26'),
	(102, 24.00, '', 'APPROVED', 43, '2018-04-02'),
	(103, 22.00, '', 'APPROVED', 43, '2018-04-09'),
	(104, 30.00, '', 'APPROVED', 43, '2018-04-16'),
	(105, 32.00, '', 'APPROVED', 43, '2018-04-23'),
	(106, 32.00, '', 'APPROVED', 67, '2018-04-30'),
	(107, 10.00, '', 'APPROVED', 79, '2018-04-02'),
	(108, 8.00, '', 'APPROVED', 79, '2018-04-09'),
	(109, 3.00, '', 'APPROVED', 79, '2018-04-16'),
	(110, 6.00, '', 'APPROVED', 79, '2018-04-23'),
	(111, 5.00, '', 'APPROVED', 45, '2018-04-16'),
	(112, 6.00, '', 'APPROVED', 92, '2018-04-02'),
	(113, 2.00, '', 'APPROVED', 92, '2018-04-09'),
	(114, 2.00, '', 'APPROVED', 92, '2018-04-16'),
	(115, 2.00, '', 'APPROVED', 92, '2018-04-23'),
	(116, 8.00, '', 'DECLINED', 92, '2018-05-07'),
	(117, 32.00, '', 'APPROVED', 43, '2018-05-07'),
	(118, 40.00, '', 'APPROVED', 78, '2018-02-19'),
	(119, 40.00, '', 'APPROVED', 78, '2018-02-26'),
	(120, 32.00, '', 'APPROVED', 78, '2018-03-05'),
	(121, 40.00, '', 'APPROVED', 78, '2018-03-12'),
	(122, 40.00, '', 'APPROVED', 78, '2018-03-19'),
	(123, 40.00, '', 'APPROVED', 78, '2018-03-26'),
	(124, 40.00, '', 'APPROVED', 78, '2018-04-02'),
	(125, 32.00, '', 'APPROVED', 78, '2018-04-09'),
	(126, 40.00, '', 'APPROVED', 78, '2018-04-16'),
	(127, 40.00, '', 'APPROVED', 78, '2018-04-23'),
	(128, 32.00, '', 'APPROVED', 78, '2018-04-30'),
	(129, 32.00, '', 'APPROVED', 78, '2018-05-07'),
	(130, 40.00, '', 'APPROVED', 78, '2018-05-14'),
	(131, 20.00, '', 'APPROVED', 34, '2018-02-05'),
	(132, 20.00, '', 'APPROVED', 34, '2018-02-12'),
	(133, 40.00, '', 'APPROVED', 107, '2018-02-19'),
	(134, 40.00, '', 'APPROVED', 107, '2018-02-26'),
	(135, 32.00, '', 'APPROVED', 107, '2018-03-05'),
	(136, 40.00, '', 'APPROVED', 107, '2018-03-12'),
	(137, 40.00, '', 'APPROVED', 107, '2018-03-19'),
	(138, 40.00, '', 'APPROVED', 107, '2018-03-26'),
	(139, 40.00, '', 'APPROVED', 107, '2018-04-02'),
	(140, 24.00, '', 'APPROVED', 107, '2018-04-09'),
	(141, 40.00, '', 'APPROVED', 107, '2018-04-16'),
	(142, 40.00, '', 'APPROVED', 107, '2018-04-23'),
	(143, 32.00, '', 'APPROVED', 107, '2018-04-30'),
	(144, 32.00, '', 'APPROVED', 107, '2018-05-07'),
	(145, 4.00, '', 'APPROVED', 4, '2018-01-29'),
	(146, 8.00, '', 'APPROVED', 4, '2018-02-05'),
	(147, 16.00, '', 'APPROVED', 4, '2018-02-12'),
	(148, 16.00, '', 'APPROVED', 4, '2018-02-19'),
	(149, 16.00, '', 'APPROVED', 4, '2018-02-26'),
	(150, 12.00, '', 'APPROVED', 3, '2018-01-29'),
	(151, 32.00, '', 'APPROVED', 3, '2018-02-05'),
	(152, 24.00, '', 'APPROVED', 3, '2018-02-12'),
	(153, 24.00, '', 'APPROVED', 3, '2018-02-19'),
	(154, 24.00, '', 'APPROVED', 3, '2018-02-26'),
	(155, 24.00, '', 'APPROVED', 3, '2018-03-05'),
	(156, 8.00, '', 'APPROVED', 4, '2018-03-05'),
	(157, 16.00, '', 'APPROVED', 4, '2018-03-12'),
	(158, 16.00, '', 'APPROVED', 4, '2018-03-19'),
	(159, 24.00, '', 'APPROVED', 3, '2018-03-12'),
	(160, 16.00, '', 'APPROVED', 3, '2018-03-19'),
	(161, 16.00, '', 'APPROVED', 3, '2018-03-26'),
	(162, 8.00, '', 'APPROVED', 131, '2018-03-19'),
	(163, 24.00, '', 'APPROVED', 131, '2018-03-26'),
	(164, 32.00, '', 'APPROVED', 43, '2018-05-14'),
	(165, 10.00, '', 'DECLINED', 97, '2018-04-30'),
	(166, 8.00, '', 'APPROVED', 143, '2018-05-14'),
	(167, 8.00, '', 'APPROVED', 70, '2018-04-09'),
	(168, 8.00, '', 'APPROVED', 70, '2018-05-14'),
	(169, 8.00, '', 'APPROVED', 70, '2018-05-21'),
	(170, 32.00, '', 'APPROVED', 107, '2018-05-14'),
	(171, 32.00, '', 'APPROVED', 107, '2018-05-21'),
	(172, 32.00, '', 'APPROVED', 107, '2018-05-28'),
	(173, 8.00, '', 'APPROVED', 3, '2018-04-02'),
	(174, 32.00, '', 'APPROVED', 131, '2018-04-02'),
	(175, 32.00, '', 'APPROVED', 131, '2018-04-09'),
	(176, 40.00, 'Certification', 'APPROVED', 147, '2018-04-16'),
	(177, 16.00, '', 'APPROVED', 4, '2018-04-23'),
	(178, 24.00, '', 'APPROVED', 106, '2018-04-23'),
	(179, 8.00, '', 'APPROVED', 106, '2018-04-30'),
	(180, 16.00, '', 'APPROVED', 106, '2018-05-07'),
	(181, 40.00, '', 'APPROVED', 106, '2018-05-14'),
	(182, 24.00, '', 'APPROVED', 117, '2018-04-30'),
	(183, 16.00, '', 'APPROVED', 117, '2018-05-07'),
	(184, 40.00, '', 'APPROVED', 78, '2018-05-21'),
	(185, 32.00, '', 'APPROVED', 78, '2018-05-28'),
	(186, 40.00, '', 'APPROVED', 149, '2018-05-21'),
	(187, 40.00, '', 'DECLINED', 157, '2018-01-29'),
	(188, 24.00, '', 'APPROVED', 43, '2018-05-21'),
	(189, 16.00, '', 'APPROVED', 43, '2018-05-28'),
	(190, 8.00, '', 'APPROVED', 143, '2018-05-28'),
	(191, 8.00, '', 'APPROVED', 45, '2018-05-21'),
	(192, 8.00, '', 'APPROVED', 45, '2018-05-28'),
	(193, 8.00, '', 'APPROVED', 143, '2018-05-21'),
	(194, 26.00, '', 'APPROVED', 106, '2018-05-21'),
	(195, 28.00, '', 'APPROVED', 106, '2018-05-28'),
	(196, 14.00, '', 'APPROVED', 173, '2018-05-21'),
	(197, 4.00, '', 'APPROVED', 173, '2018-05-28'),
	(198, 19.00, '', 'APPROVED', 157, '2018-02-05'),
	(199, 35.00, '', 'APPROVED', 157, '2018-02-12'),
	(200, 18.00, '', 'APPROVED', 157, '2018-02-19'),
	(201, 37.00, '', 'APPROVED', 157, '2018-02-26'),
	(202, 5.00, '', 'APPROVED', 158, '2018-02-05'),
	(203, 5.00, '', 'APPROVED', 158, '2018-02-12'),
	(204, 6.00, '', 'APPROVED', 158, '2018-02-19'),
	(205, 1.00, '', 'APPROVED', 132, '2018-02-26'),
	(206, 16.00, '', 'APPROVED', 46, '2018-02-19'),
	(207, 16.00, '', 'APPROVED', 57, '2018-02-05'),
	(208, 16.00, '', 'APPROVED', 57, '2018-01-29'),
	(209, 26.00, '', 'APPROVED', 157, '2018-03-05'),
	(210, 6.00, '', 'DECLINED', 132, '2018-03-05'),
	(211, 22.00, '', 'APPROVED', 157, '2018-03-12'),
	(212, 14.00, '', 'DECLINED', 132, '2018-03-12'),
	(213, 21.00, '', 'APPROVED', 157, '2018-03-19'),
	(214, 7.00, '', 'DECLINED', 132, '2018-03-19'),
	(215, 24.00, '', 'APPROVED', 157, '2018-03-26'),
	(216, 8.00, '', 'DECLINED', 132, '2018-03-26'),
	(217, 12.00, '\r\n--- From Manager Start ---\r\nKERNEL+ pepsico Chips\r\n--- From Manager End ---', 'APPROVED', 46, '2018-03-19'),
	(218, 4.00, 'Pepcico', 'APPROVED', 46, '2018-03-12'),
	(219, 8.00, 'pepsico Chips', 'APPROVED', 46, '2018-03-26'),
	(220, 24.00, '', 'APPROVED', 157, '2018-04-02'),
	(221, 8.00, '', 'APPROVED', 158, '2018-04-02'),
	(222, 8.00, '', 'APPROVED', 132, '2018-04-02'),
	(223, 28.00, '', 'APPROVED', 157, '2018-04-09'),
	(224, 4.00, '', 'APPROVED', 158, '2018-04-09'),
	(225, 28.00, '', 'APPROVED', 157, '2018-04-16'),
	(226, 30.00, '', 'APPROVED', 157, '2018-04-23'),
	(227, 2.00, '', 'APPROVED', 158, '2018-04-16'),
	(228, 2.00, '', 'APPROVED', 158, '2018-04-23'),
	(229, 5.00, '', 'APPROVED', 132, '2018-04-16'),
	(230, 5.00, '', 'APPROVED', 46, '2018-04-16'),
	(231, 8.00, '', 'APPROVED', 69, '2018-04-23'),
	(232, 8.00, '', 'DECLINED', 132, '2018-04-30'),
	(233, 6.00, '', 'APPROVED', 132, '2018-05-21'),
	(234, 4.00, '', 'APPROVED', 132, '2018-05-28'),
	(235, 8.00, '', 'APPROVED', 69, '2018-04-30'),
	(236, 16.00, '', 'APPROVED', 157, '2018-04-30'),
	(237, 22.00, '', 'APPROVED', 157, '2018-05-07'),
	(238, 8.00, '', 'APPROVED', 157, '2018-05-14'),
	(239, 10.00, '', 'APPROVED', 157, '2018-05-21'),
	(240, 8.00, '', 'APPROVED', 157, '2018-05-28'),
	(241, 8.00, '', 'APPROVED', 159, '2018-04-30'),
	(242, 8.00, '', 'APPROVED', 159, '2018-05-07'),
	(243, 2.00, '', 'APPROVED', 160, '2018-05-07'),
	(244, 12.00, '', 'APPROVED', 160, '2018-05-14'),
	(245, 4.00, '', 'DECLINED', 160, '2018-05-21'),
	(246, 4.00, '', 'DECLINED', 160, '2018-05-28'),
	(247, 4.00, '', 'APPROVED', 174, '2018-05-21'),
	(248, 8.00, '', 'APPROVED', 174, '2018-05-28'),
	(249, 8.00, '', 'APPROVED', 57, '2018-05-14'),
	(250, 16.00, '', 'APPROVED', 46, '2018-05-21'),
	(251, 32.00, '', 'APPROVED', 8, '2018-03-05'),
	(252, 40.00, '', 'APPROVED', 8, '2018-03-12'),
	(253, 40.00, '', 'APPROVED', 8, '2018-03-19'),
	(254, 40.00, '', 'APPROVED', 8, '2018-03-26'),
	(255, 40.00, '', 'APPROVED', 8, '2018-04-02'),
	(256, 32.00, '', 'APPROVED', 8, '2018-04-09'),
	(257, 40.00, '', 'APPROVED', 8, '2018-04-16'),
	(258, 40.00, '', 'APPROVED', 8, '2018-04-23'),
	(259, 32.00, '', 'APPROVED', 8, '2018-04-30'),
	(260, 4.00, '', 'APPROVED', 48, '2018-05-28'),
	(261, 32.00, '', 'APPROVED', 8, '2018-05-07'),
	(262, 40.00, '', 'APPROVED', 8, '2018-05-14'),
	(263, 28.00, '', 'APPROVED', 8, '2018-05-28'),
	(264, 40.00, '', 'APPROVED', 8, '2018-06-04'),
	(265, 32.00, '', 'APPROVED', 8, '2018-06-11'),
	(266, 4.00, '', 'APPROVED', 37, '2018-01-29'),
	(267, 16.00, '', 'APPROVED', 37, '2018-02-05'),
	(268, 16.00, '', 'APPROVED', 37, '2018-02-12'),
	(269, 16.00, '', 'APPROVED', 37, '2018-02-19'),
	(270, 16.00, '', 'APPROVED', 37, '2018-02-26'),
	(271, 4.00, '', 'APPROVED', 109, '2018-02-05'),
	(272, 24.00, '', 'DECLINED', 37, '2018-03-05'),
	(273, 38.00, '', 'DECLINED', 37, '2018-03-12'),
	(274, 24.00, '', 'APPROVED', 109, '2018-03-05'),
	(275, 38.00, '', 'APPROVED', 109, '2018-03-12'),
	(276, 32.00, '', 'APPROVED', 109, '2018-03-19'),
	(277, 40.00, '', 'APPROVED', 156, '2018-03-26'),
	(278, 4.00, '', 'APPROVED', 50, '2018-02-26'),
	(279, 2.00, '', 'APPROVED', 50, '2018-03-12'),
	(280, 8.00, '', 'APPROVED', 50, '2018-03-19'),
	(281, 40.00, '', 'APPROVED', 156, '2018-04-02'),
	(282, 16.00, '', 'APPROVED', 156, '2018-04-09'),
	(283, 4.00, '', 'APPROVED', 156, '2018-04-16'),
	(284, 32.00, '', 'APPROVED', 156, '2018-04-23'),
	(285, 16.00, '', 'APPROVED', 156, '2018-04-30'),
	(286, 4.00, '', 'APPROVED', 50, '2018-04-23'),
	(287, 16.00, '', 'APPROVED', 136, '2018-04-09'),
	(288, 28.00, '', 'APPROVED', 136, '2018-04-16'),
	(289, 4.00, '', 'APPROVED', 109, '2018-04-23'),
	(290, 8.00, '', 'APPROVED', 109, '2018-04-16'),
	(291, 16.00, '', 'APPROVED', 122, '2018-04-30'),
	(292, 8.00, '', 'APPROVED', 151, '2018-05-07'),
	(293, 20.00, '', 'APPROVED', 151, '2018-05-14'),
	(294, 12.00, '', 'APPROVED', 151, '2018-05-21'),
	(295, 2.00, '', 'APPROVED', 122, '2018-05-21'),
	(296, 16.00, '', 'APPROVED', 156, '2018-05-07'),
	(297, 12.00, '', 'APPROVED', 156, '2018-05-14'),
	(298, 8.00, '', 'APPROVED', 156, '2018-05-21'),
	(299, 8.00, '', 'APPROVED', 156, '2018-05-28'),
	(300, 8.00, '', 'APPROVED', 109, '2018-05-14'),
	(301, 16.00, '', 'APPROVED', 109, '2018-05-21'),
	(302, 16.00, '', 'APPROVED', 109, '2018-05-28'),
	(303, 2.00, '', 'APPROVED', 136, '2018-05-21'),
	(304, 8.00, '', 'APPROVED', 122, '2018-05-07'),
	(305, 8.00, '', 'APPROVED', 136, '2018-05-28'),
	(306, 4.00, '', 'APPROVED', 136, '2018-06-04'),
	(307, 28.00, '', 'APPROVED', 109, '2018-06-04'),
	(308, 4.00, '', 'APPROVED', 156, '2018-06-04'),
	(309, 4.00, '', 'APPROVED', 122, '2018-06-04'),
	(310, 16.00, '', 'APPROVED', 168, '2018-04-16'),
	(311, 32.00, '', 'APPROVED', 168, '2018-04-23'),
	(312, 32.00, '', 'APPROVED', 168, '2018-04-30'),
	(313, 24.00, '', 'APPROVED', 169, '2018-04-09'),
	(314, 16.00, '', 'APPROVED', 169, '2018-04-16'),
	(315, 8.00, '', 'APPROVED', 168, '2018-05-07'),
	(316, 24.00, '', 'APPROVED', 169, '2018-05-07'),
	(317, 8.00, '', 'APPROVED', 167, '2018-05-14'),
	(318, 24.00, '', 'APPROVED', 167, '2018-05-21'),
	(319, 16.00, '', 'APPROVED', 167, '2018-05-28'),
	(320, 16.00, '', 'APPROVED', 167, '2018-06-04'),
	(321, 32.00, '', 'APPROVED', 165, '2018-04-02'),
	(322, 24.00, '', 'APPROVED', 165, '2018-04-09'),
	(323, 32.00, '', 'APPROVED', 165, '2018-04-16'),
	(324, 32.00, '', 'APPROVED', 165, '2018-04-23'),
	(325, 24.00, '', 'APPROVED', 165, '2018-04-30'),
	(326, 8.00, '', 'APPROVED', 142, '2018-04-02'),
	(327, 8.00, '', 'APPROVED', 142, '2018-04-09'),
	(328, 8.00, '', 'APPROVED', 142, '2018-04-16'),
	(329, 8.00, '', 'APPROVED', 142, '2018-04-23'),
	(330, 32.00, '', 'APPROVED', 165, '2018-05-07'),
	(331, 8.00, '', 'APPROVED', 165, '2018-05-14'),
	(332, 8.00, '', 'APPROVED', 38, '2018-04-30'),
	(333, 24.00, '', 'APPROVED', 110, '2018-05-14'),
	(334, 8.00, '', 'APPROVED', 142, '2018-05-14'),
	(335, 32.00, '', 'APPROVED', 142, '2018-05-21'),
	(336, 24.00, '', 'APPROVED', 142, '2018-05-28'),
	(337, 8.00, '', 'APPROVED', 51, '2018-05-21'),
	(338, 32.00, '', 'APPROVED', 51, '2018-06-04'),
	(339, 8.00, '', 'APPROVED', 142, '2018-06-04'),
	(340, 26.00, '', 'APPROVED', 166, '2018-02-19'),
	(341, 31.00, '', 'APPROVED', 166, '2018-02-26'),
	(342, 21.00, '', 'APPROVED', 166, '2018-03-05'),
	(343, 24.00, '', 'APPROVED', 166, '2018-03-12'),
	(344, 8.00, '', 'APPROVED', 177, '2018-05-28'),
	(345, 40.00, '', 'APPROVED', 177, '2018-06-04'),
	(346, 8.00, 'Tikkurila', 'APPROVED', 46, '2018-05-28'),
	(347, 40.00, '\r\n--- From Manager Start ---\r\nTikkurila\r\n--- From Manager End ---', 'APPROVED', 46, '2018-06-04'),
	(348, 40.00, '', 'APPROVED', 78, '2018-06-04'),
	(349, 24.00, '', 'APPROVED', 43, '2018-06-04'),
	(350, 5.00, '', 'APPROVED', 92, '2018-06-04'),
	(351, 10.00, '', 'APPROVED', 45, '2018-06-04'),
	(352, 1.00, '', 'APPROVED', 143, '2018-06-04'),
	(353, 40.00, '\r\n--- From Manager Start ---\r\n???????? 1 ??? ?? ???????\r\n--- From Manager End ---', 'APPROVED', 106, '2018-06-04'),
	(354, 28.00, '', 'APPROVED', 187, '2018-06-04'),
	(355, 12.00, '', 'APPROVED', 107, '2018-06-04'),
	(356, 12.00, '', 'APPROVED', 162, '2018-02-05'),
	(357, 20.00, '', 'APPROVED', 162, '2018-02-12'),
	(358, 24.00, '', 'APPROVED', 162, '2018-02-19'),
	(359, 24.00, '', 'APPROVED', 162, '2018-02-26'),
	(360, 16.00, '', 'APPROVED', 163, '2018-02-26'),
	(361, 12.00, '', 'APPROVED', 162, '2018-03-05'),
	(362, 20.00, '', 'APPROVED', 162, '2018-03-12'),
	(363, 16.00, '', 'APPROVED', 162, '2018-03-19'),
	(364, 20.00, '', 'APPROVED', 162, '2018-03-26'),
	(365, 4.00, '', 'APPROVED', 162, '2018-04-02'),
	(366, 4.00, '', 'APPROVED', 162, '2018-04-16'),
	(367, 12.00, '', 'APPROVED', 163, '2018-04-02'),
	(368, 12.00, '', 'APPROVED', 163, '2018-04-16'),
	(369, 20.00, '', 'APPROVED', 163, '2018-04-23'),
	(370, 12.00, '', 'APPROVED', 162, '2018-04-30'),
	(371, 18.00, '', 'APPROVED', 162, '2018-05-07'),
	(372, 22.00, '', 'APPROVED', 162, '2018-05-14'),
	(373, 8.00, '', 'APPROVED', 162, '2018-05-21'),
	(374, 12.00, '', 'APPROVED', 40, '2018-01-29'),
	(375, 30.00, '', 'APPROVED', 40, '2018-02-05'),
	(376, 30.00, '', 'APPROVED', 40, '2018-02-12'),
	(377, 30.00, '', 'APPROVED', 40, '2018-02-19'),
	(378, 40.00, '', 'APPROVED', 40, '2018-02-26'),
	(379, 22.00, '', 'APPROVED', 40, '2018-03-05'),
	(380, 33.00, '', 'APPROVED', 40, '2018-03-12'),
	(381, 13.00, '', 'APPROVED', 40, '2018-03-19'),
	(382, 12.00, '', 'APPROVED', 40, '2018-03-26'),
	(383, 9.00, '', 'APPROVED', 161, '2018-03-19'),
	(384, 6.00, '', 'APPROVED', 161, '2018-03-26'),
	(385, 34.00, '', 'APPROVED', 40, '2018-04-02'),
	(386, 27.00, '', 'APPROVED', 40, '2018-04-09'),
	(387, 31.00, '', 'APPROVED', 40, '2018-04-16'),
	(388, 31.00, '', 'APPROVED', 40, '2018-04-23'),
	(389, 25.00, '', 'APPROVED', 40, '2018-04-30'),
	(390, 32.00, '', 'APPROVED', 40, '2018-05-07'),
	(391, 4.00, '', 'APPROVED', 40, '2018-05-21'),
	(392, 20.00, '', 'APPROVED', 161, '2018-05-21'),
	(393, 7.00, '', 'APPROVED', 88, '2018-03-19'),
	(394, 26.00, '', 'APPROVED', 154, '2018-05-14'),
	(395, 6.00, '', 'APPROVED', 154, '2018-05-21'),
	(396, 24.00, '', 'APPROVED', 154, '2018-05-28'),
	(397, 17.00, '', 'APPROVED', 154, '2018-06-04'),
	(398, 6.00, '', 'APPROVED', 188, '2018-06-04'),
	(399, 6.00, '', 'APPROVED', 189, '2018-06-04'),
	(400, 16.00, '', 'APPROVED', 164, '2018-02-12'),
	(401, 16.00, '', 'APPROVED', 164, '2018-02-19'),
	(402, 16.00, '', 'APPROVED', 41, '2018-01-29'),
	(403, 40.00, '', 'APPROVED', 41, '2018-02-05'),
	(404, 4.00, '', 'APPROVED', 41, '2018-02-12'),
	(405, 16.00, '', 'APPROVED', 41, '2018-02-19'),
	(406, 20.00, '', 'APPROVED', 41, '2018-02-26'),
	(407, 20.00, '', 'APPROVED', 127, '2018-02-12'),
	(408, 8.00, '', 'APPROVED', 127, '2018-02-19'),
	(409, 20.00, '', 'APPROVED', 127, '2018-02-26'),
	(410, 32.00, '', 'APPROVED', 127, '2018-03-05'),
	(411, 40.00, '', 'APPROVED', 127, '2018-03-12'),
	(412, 40.00, '', 'APPROVED', 127, '2018-03-19'),
	(413, 40.00, '', 'APPROVED', 127, '2018-03-26'),
	(414, 40.00, '', 'APPROVED', 127, '2018-04-02'),
	(415, 24.00, '', 'APPROVED', 127, '2018-04-09'),
	(416, 36.00, '', 'APPROVED', 127, '2018-04-16'),
	(417, 32.00, '', 'APPROVED', 127, '2018-04-23'),
	(418, 8.00, '', 'APPROVED', 141, '2018-04-09'),
	(419, 4.00, '', 'APPROVED', 141, '2018-04-16'),
	(420, 8.00, '', 'APPROVED', 113, '2018-04-23'),
	(421, 8.00, '', 'APPROVED', 113, '2018-04-30'),
	(422, 40.00, '', 'APPROVED', 113, '2018-05-14'),
	(423, 40.00, '', 'APPROVED', 113, '2018-05-21'),
	(424, 16.00, '', 'APPROVED', 113, '2018-05-28'),
	(425, 24.00, '', 'APPROVED', 127, '2018-04-30'),
	(426, 32.00, '', 'APPROVED', 127, '2018-05-07'),
	(427, 16.00, '', 'APPROVED', 127, '2018-05-28'),
	(428, 8.00, '', 'APPROVED', 127, '2018-06-04'),
	(429, 32.00, '', 'APPROVED', 113, '2018-06-04'),
	(430, 40.00, '', 'APPROVED', 78, '2018-06-11'),
	(431, 8.00, '', 'APPROVED', 196, '2018-05-28'),
	(432, 6.00, '', 'APPROVED', 158, '2018-03-05'),
	(433, 14.00, '', 'APPROVED', 158, '2018-03-12'),
	(434, 7.00, '', 'APPROVED', 158, '2018-03-19'),
	(435, 8.00, '', 'APPROVED', 158, '2018-03-26'),
	(436, 2.00, '', 'APPROVED', 158, '2018-02-26'),
	(437, 12.00, '', 'APPROVED', 182, '2018-05-14'),
	(438, 4.00, '', 'APPROVED', 182, '2018-05-21'),
	(439, 4.00, '', 'APPROVED', 182, '2018-05-28'),
	(440, 16.00, '', 'APPROVED', 76, '2018-03-26'),
	(441, 32.00, '', 'APPROVED', 8, '2018-06-18'),
	(442, 40.00, '\r\n--- From Manager Start ---\r\n???????? 1 ??? ??? ? WS ?? ???????\r\n--- From Manager End ---', 'APPROVED', 106, '2018-06-11'),
	(443, 40.00, '', 'APPROVED', 187, '2018-06-11'),
	(444, 5.00, '', 'APPROVED', 83, '2018-06-11'),
	(445, 3.00, '', 'APPROVED', 48, '2018-06-11'),
	(446, 40.00, '', 'APPROVED', 209, '2018-06-11'),
	(447, 24.00, '', 'APPROVED', 209, '2018-06-18'),
	(448, 16.00, '', 'APPROVED', 168, '2018-06-11'),
	(449, 8.00, '', 'APPROVED', 214, '2018-06-11'),
	(450, 16.00, '', 'APPROVED', 169, '2018-06-18'),
	(451, 4.00, '', 'APPROVED', 213, '2018-06-18'),
	(452, 4.00, '', 'APPROVED', 214, '2018-06-18'),
	(453, 24.00, '', 'APPROVED', 209, '2018-06-04'),
	(454, 40.00, '', 'APPROVED', 209, '2018-05-28'),
	(455, 16.00, '', 'APPROVED', 209, '2018-05-14'),
	(456, 40.00, '', 'APPROVED', 209, '2018-05-21'),
	(457, 16.00, '', 'APPROVED', 127, '2018-06-11'),
	(458, 24.00, '', 'APPROVED', 113, '2018-06-11'),
	(459, 26.00, '', 'APPROVED', 113, '2018-06-18'),
	(460, 8.00, '', 'APPROVED', 127, '2018-06-18'),
	(461, 32.00, '', 'APPROVED', 113, '2018-06-25'),
	(462, 4.00, '', 'APPROVED', 136, '2018-06-11'),
	(463, 4.00, '', 'APPROVED', 122, '2018-06-11'),
	(464, 8.00, '', 'APPROVED', 156, '2018-06-11'),
	(465, 24.00, '', 'APPROVED', 109, '2018-06-11'),
	(466, 2.00, '', 'APPROVED', 50, '2018-06-18'),
	(467, 22.00, '', 'APPROVED', 136, '2018-06-18'),
	(468, 4.00, '', 'APPROVED', 122, '2018-06-18'),
	(469, 4.00, '', 'APPROVED', 109, '2018-06-18'),
	(470, 8.00, '', 'APPROVED', 156, '2018-06-18'),
	(471, 40.00, '', 'APPROVED', 106, '2018-06-18'),
	(472, 32.00, '', 'APPROVED', 106, '2018-06-25'),
	(473, 40.00, '\r\n--- From Manager Start ---\r\n? 20 ?? 22 ?? ???????? ? WS. ??????? ??????????\r\n--- From Manager End ---', 'APPROVED', 187, '2018-06-18'),
	(474, 8.00, '', 'APPROVED', 83, '2018-06-18'),
	(475, 12.00, '', 'APPROVED', 51, '2018-06-11'),
	(476, 28.00, '', 'APPROVED', 142, '2018-06-11'),
	(477, 16.00, '', 'APPROVED', 51, '2018-06-18'),
	(478, 24.00, '', 'APPROVED', 142, '2018-06-18'),
	(479, 16.00, '', 'APPROVED', 51, '2018-06-25'),
	(480, 16.00, '', 'APPROVED', 142, '2018-06-25'),
	(481, 24.00, '', 'APPROVED', 157, '2018-06-11'),
	(482, 8.00, '', 'APPROVED', 158, '2018-06-11'),
	(483, 8.00, '', 'APPROVED', 46, '2018-06-11'),
	(484, 16.00, '', 'APPROVED', 46, '2018-06-18'),
	(485, 8.00, '', 'APPROVED', 46, '2018-06-25'),
	(486, 22.00, '', 'APPROVED', 157, '2018-06-18'),
	(487, 22.00, '', 'APPROVED', 157, '2018-06-25'),
	(488, 1.00, '', 'APPROVED', 174, '2018-06-18'),
	(489, 1.00, '', 'APPROVED', 174, '2018-06-25'),
	(490, 1.00, '', 'APPROVED', 132, '2018-06-18'),
	(491, 1.00, '', 'APPROVED', 132, '2018-06-25'),
	(492, 32.00, '', 'APPROVED', 8, '2018-06-25'),
	(493, 26.00, '', 'APPROVED', 43, '2018-06-11'),
	(494, 1.00, '', 'APPROVED', 92, '2018-06-11'),
	(495, 7.00, '', 'APPROVED', 45, '2018-06-11'),
	(496, 6.00, '', 'APPROVED', 143, '2018-06-11'),
	(497, 24.00, '', 'APPROVED', 43, '2018-06-18'),
	(498, 8.00, '', 'APPROVED', 45, '2018-06-18'),
	(499, 2.00, '', 'APPROVED', 92, '2018-06-18'),
	(500, 6.00, '', 'APPROVED', 143, '2018-06-18'),
	(501, 8.00, '', 'APPROVED', 43, '2018-06-25'),
	(502, 2.00, '', 'EDITABLE', 45, '2018-06-25'),
	(503, 4.00, '', 'APPROVED', 92, '2018-06-25'),
	(504, 8.00, '', 'APPROVED', 143, '2018-06-25'),
	(505, 22.00, '\r\n--- From Manager Start ---\r\nv WS 28 zakryto\r\n--- From Manager End ---', 'APPROVED', 189, '2018-06-11'),
	(506, 10.00, '', 'APPROVED', 154, '2018-06-11'),
	(507, 40.00, '', 'APPROVED', 154, '2018-06-18'),
	(508, 16.00, '\r\n--- From Manager Start ---\r\nNot equal whis WS\r\n--- From Manager End ---', 'APPROVED', 189, '2018-06-25'),
	(509, 8.00, '', 'APPROVED', 156, '2018-06-25'),
	(510, 24.00, '', 'APPROVED', 109, '2018-06-25'),
	(511, 3.00, '', 'APPROVED', 88, '2018-06-25'),
	(512, 5.00, '', 'APPROVED', 154, '2018-06-25'),
	(513, 32.00, '\r\n--- From Manager Start ---\r\nNot equal vs WS\r\n--- From Manager End ---', 'APPROVED', 187, '2018-06-25'),
	(514, 0.10, '', 'DECLINED', 167, '2018-06-25'),
	(515, 8.00, '', 'APPROVED', 215, '2018-06-25'),
	(516, 16.00, '', 'APPROVED', 216, '2018-06-25'),
	(517, 32.00, '', 'APPROVED', 209, '2018-06-25'),
	(518, 20.00, '', 'APPROVED', 177, '2018-06-11'),
	(519, 20.00, '', 'APPROVED', 217, '2018-06-11'),
	(520, 40.00, '', 'APPROVED', 217, '2018-06-18'),
	(521, 32.00, '', 'APPROVED', 217, '2018-06-25'),
	(522, 40.00, '', 'APPROVED', 78, '2018-06-18'),
	(523, 32.00, '', 'APPROVED', 78, '2018-06-25'),
	(524, 40.00, '', 'APPROVED', 78, '2018-07-02'),
	(525, 1.00, '', 'DECLINED', 78, '2018-07-01'),
	(526, 8.00, '', 'APPROVED', 197, '2018-07-02'),
	(527, 16.00, '\r\n--- From Manager Start ---\r\n0011-20-38P.IMMOCHAN_ODESSA_OVI_TDD\r\n--- From Manager End ---', 'DECLINED', 46, '2018-07-02'),
	(528, 4.00, '', 'APPROVED', 174, '2018-07-02'),
	(529, 12.00, '', 'APPROVED', 132, '2018-07-02'),
	(530, 40.00, '', 'APPROVED', 69, '2018-07-09'),
	(531, 40.00, '', 'APPROVED', 69, '2018-07-16'),
	(532, 8.00, '', 'APPROVED', 216, '2018-07-02'),
	(533, 0.10, '', 'EDITABLE', 167, '2018-07-02'),
	(534, 8.00, '', 'APPROVED', 215, '2018-07-02'),
	(535, 24.00, '', 'APPROVED', 40, '2018-07-02'),
	(536, 12.00, '', 'APPROVED', 88, '2018-07-02'),
	(537, 4.00, '', 'APPROVED', 122, '2018-07-02'),
	(538, 4.00, '', 'APPROVED', 136, '2018-07-02'),
	(539, 32.00, '', 'APPROVED', 156, '2018-07-02'),
	(540, 24.00, '', 'APPROVED', 106, '2018-07-02'),
	(541, 16.00, '', 'APPROVED', 265, '2018-07-02'),
	(542, 40.00, '', 'APPROVED', 77, '2018-07-02'),
	(543, 40.00, '', 'APPROVED', 77, '2018-07-09'),
	(544, 40.00, '', 'APPROVED', 175, '2018-07-09'),
	(545, 40.00, '', 'APPROVED', 175, '2018-07-16'),
	(546, 24.00, '', 'APPROVED', 269, '2018-07-02'),
	(547, 16.00, '', 'DECLINED', 270, '2018-07-02'),
	(548, 16.00, '', 'DECLINED', 177, '2018-07-02'),
	(549, 0.01, '', 'DECLINED', 187, '2018-07-02'),
	(550, 8.00, '', 'APPROVED', 70, '2018-07-02'),
	(551, 6.00, '', 'APPROVED', 48, '2018-07-02'),
	(552, 8.00, '', 'APPROVED', 257, '2018-07-02'),
	(553, 16.00, '', 'APPROVED', 8, '2018-07-02'),
	(554, 6.00, '', 'DECLINED', 258, '2018-07-02'),
	(555, 4.00, '', 'APPROVED', 83, '2018-07-02'),
	(556, 16.00, '??? ? ????????????\r\n--- From Manager Start ---\r\nbusiness trip\r\n--- From Manager End ---', 'APPROVED', 92, '2018-07-02'),
	(557, 8.00, '', 'APPROVED', 261, '2018-07-09'),
	(558, 8.00, '', 'APPROVED', 261, '2018-07-02'),
	(559, 8.00, '', 'APPROVED', 264, '2018-07-02'),
	(560, 8.00, '', 'APPROVED', 43, '2018-07-02'),
	(561, 8.00, '', 'APPROVED', 169, '2018-07-02'),
	(562, 6.00, '\r\n--- From Manager Start ---\r\nPo Kakim proektam proposals?\r\n--- From Manager End ---\r\n--- From Manager Start ---\r\nMiratorg\r\n--- From Manager End ---', 'APPROVED', 51, '2018-07-02'),
	(563, 26.00, '\r\n--- From Manager Start ---\r\nInformacia ne sootvetctvuet tomy chto v WS.\r\n--- From Manager End ---\r\n--- From Manager Start ---\r\nGde 28 chsov na BIM Development?\r\n--- From Manager End ---', 'APPROVED', 142, '2018-07-02'),
	(564, 32.00, '', 'APPROVED', 210, '2018-07-02'),
	(565, 8.00, '', 'APPROVED', 209, '2018-07-02'),
	(566, 10.00, '', 'APPROVED', 79, '2018-06-25'),
	(567, 16.00, '', 'APPROVED', 271, '2018-07-02'),
	(568, 32.00, '', 'APPROVED', 107, '2018-07-02'),
	(569, 8.00, 'article VR in BIM', 'APPROVED', 86, '2018-07-02'),
	(570, 40.00, '', 'APPROVED', 78, '2018-07-09'),
	(571, 26.00, '', 'APPROVED', 40, '2018-07-09'),
	(572, 8.00, '', 'APPROVED', 88, '2018-07-09'),
	(573, 4.00, '', 'APPROVED', 215, '2018-07-09'),
	(574, 16.00, '', 'APPROVED', 169, '2018-07-09'),
	(575, 8.00, '', 'APPROVED', 216, '2018-07-09'),
	(576, 16.00, '', 'APPROVED', 172, '2018-07-30'),
	(577, 40.00, '', 'APPROVED', 172, '2018-07-23'),
	(578, 24.00, '', 'APPROVED', 106, '2018-07-09'),
	(579, 16.00, '', 'APPROVED', 265, '2018-07-09'),
	(580, 16.00, '', 'APPROVED', 198, '2018-07-09'),
	(581, 16.00, '', 'APPROVED', 339, '2018-07-09'),
	(582, 8.00, '', 'APPROVED', 142, '2018-07-09'),
	(583, 3.00, '', 'APPROVED', 264, '2018-07-09'),
	(584, 16.00, '', 'APPROVED', 43, '2018-07-09'),
	(585, 6.00, '', 'APPROVED', 92, '2018-07-09'),
	(586, 5.00, '', 'APPROVED', 79, '2018-07-09'),
	(587, 8.00, '', 'APPROVED', 109, '2018-07-09'),
	(588, 2.00, '', 'APPROVED', 357, '2018-07-09'),
	(589, 8.00, '', 'APPROVED', 122, '2018-07-09'),
	(590, 8.00, '', 'APPROVED', 136, '2018-07-09'),
	(591, 8.00, '', 'APPROVED', 50, '2018-07-09'),
	(592, 8.00, '', 'APPROVED', 156, '2018-07-09'),
	(593, 24.00, '', 'APPROVED', 8, '2018-07-09'),
	(594, 8.00, '', 'DECLINED', 258, '2018-07-09'),
	(595, 8.00, '', 'APPROVED', 83, '2018-07-09'),
	(596, 40.00, '', 'APPROVED', 266, '2018-07-09'),
	(597, 12.00, '', 'DECLINED', 291, '2018-07-02'),
	(598, 20.00, '', 'DECLINED', 289, '2018-07-02'),
	(599, 8.00, '', 'DECLINED', 299, '2018-07-02'),
	(600, 40.00, '', 'APPROVED', 209, '2018-07-09'),
	(601, 8.00, '', 'APPROVED', 299, '2018-07-09'),
	(602, 12.00, '', 'APPROVED', 291, '2018-07-09'),
	(603, 20.00, '', 'APPROVED', 289, '2018-07-09'),
	(604, 8.00, '', 'APPROVED', 109, '2018-07-16'),
	(605, 4.00, '', 'APPROVED', 50, '2018-07-16'),
	(606, 8.00, '', 'APPROVED', 122, '2018-07-16'),
	(607, 8.00, '', 'APPROVED', 136, '2018-07-16'),
	(608, 12.00, '', 'APPROVED', 390, '2018-07-16'),
	(609, 24.00, '', 'APPROVED', 106, '2018-07-16'),
	(610, 16.00, '', 'APPROVED', 265, '2018-07-16'),
	(611, 3.00, 'Planing', 'APPROVED', 42, '2018-07-16'),
	(612, 40.00, '', 'APPROVED', 339, '2018-07-16'),
	(613, 5.00, '', 'APPROVED', 92, '2018-07-16'),
	(614, 6.00, '', 'APPROVED', 79, '2018-07-16'),
	(615, 16.00, '', 'APPROVED', 43, '2018-07-16'),
	(616, 8.00, '', 'APPROVED', 67, '2018-07-16'),
	(617, 2.00, '', 'APPROVED', 264, '2018-07-16'),
	(618, 32.00, '', 'APPROVED', 266, '2018-07-16'),
	(619, 8.00, '', 'APPROVED', 107, '2018-07-16'),
	(620, 32.00, '', 'APPROVED', 421, '2018-07-16'),
	(621, 8.00, '', 'APPROVED', 8, '2018-07-16'),
	(622, 26.00, '', 'APPROVED', 40, '2018-07-16'),
	(623, 8.00, '', 'APPROVED', 88, '2018-07-16'),
	(624, 3.00, '', 'APPROVED', 188, '2018-07-16'),
	(625, 0.10, '', 'DECLINED', 371, '2018-07-16'),
	(626, 4.00, '', 'APPROVED', 216, '2018-07-16'),
	(627, 28.00, '', 'APPROVED', 169, '2018-07-16'),
	(628, 15.00, '', 'APPROVED', 291, '2018-07-16'),
	(629, 25.00, '', 'APPROVED', 289, '2018-07-16'),
	(630, 36.00, '', 'APPROVED', 113, '2018-07-16'),
	(631, 4.00, '', 'APPROVED', 127, '2018-07-16'),
	(632, 40.00, '', 'DECLINED', 212, '2018-07-16'),
	(633, 0.10, '', 'DECLINED', 373, '2018-07-23'),
	(634, 12.00, '', 'APPROVED', 418, '2018-07-23'),
	(635, 8.00, 'Report preparation', 'APPROVED', 197, '2018-07-23'),
	(636, 6.00, '', 'APPROVED', 122, '2018-07-23'),
	(637, 10.00, '', 'APPROVED', 136, '2018-07-23'),
	(638, 8.00, '', 'APPROVED', 390, '2018-07-23'),
	(639, 8.00, '', 'APPROVED', 430, '2018-07-23'),
	(640, 12.00, '', 'APPROVED', 141, '2018-07-23'),
	(641, 28.00, '', 'APPROVED', 113, '2018-07-23'),
	(642, 1.00, '', 'DECLINED', 141, '2018-07-30'),
	(643, 26.00, '', 'APPROVED', 40, '2018-07-23'),
	(644, 8.00, '', 'APPROVED', 88, '2018-07-23'),
	(645, 8.00, '', 'APPROVED', 82, '2018-07-23'),
	(646, 8.00, '', 'APPROVED', 420, '2018-07-23'),
	(647, 24.00, '', 'APPROVED', 266, '2018-07-23'),
	(648, 16.00, '', 'APPROVED', 266, '2018-07-30'),
	(649, 14.00, '', 'APPROVED', 40, '2018-07-30'),
	(650, 40.00, '', 'APPROVED', 265, '2018-07-23'),
	(651, 16.00, '', 'APPROVED', 265, '2018-07-30'),
	(652, 16.00, '', 'APPROVED', 339, '2018-07-23'),
	(653, 16.50, '', 'APPROVED', 165, '2018-07-23'),
	(654, 7.50, '', 'APPROVED', 198, '2018-07-23'),
	(655, 16.00, '', 'APPROVED', 198, '2018-07-30'),
	(656, 4.00, '', 'APPROVED', 83, '2018-07-23'),
	(657, 16.00, '', 'APPROVED', 421, '2018-07-23'),
	(658, 20.00, '', 'DECLINED', 258, '2018-07-23'),
	(659, 8.00, '', 'APPROVED', 421, '2018-07-30'),
	(660, 2.00, '', 'APPROVED', 83, '2018-07-30'),
	(661, 6.00, '', 'DECLINED', 258, '2018-07-30'),
	(662, 40.00, '', 'APPROVED', 78, '2018-07-16'),
	(663, 40.00, '', 'APPROVED', 78, '2018-07-23'),
	(664, 16.00, '', 'APPROVED', 78, '2018-07-30'),
	(665, 40.00, '', 'APPROVED', 209, '2018-07-16'),
	(666, 16.00, '', 'APPROVED', 209, '2018-07-30'),
	(667, 16.00, '', 'APPROVED', 113, '2018-07-30'),
	(668, 8.00, '', 'APPROVED', 414, '2018-07-23'),
	(669, 20.00, '', 'APPROVED', 289, '2018-07-23'),
	(670, 12.00, '', 'APPROVED', 291, '2018-07-23'),
	(671, 8.00, '', 'APPROVED', 67, '2018-07-30'),
	(672, 1.00, '', 'APPROVED', 357, '2018-07-23'),
	(673, 19.00, '', 'APPROVED', 43, '2018-07-23'),
	(674, 7.00, '', 'APPROVED', 92, '2018-07-23'),
	(675, 3.00, '', 'APPROVED', 264, '2018-07-23'),
	(676, 8.00, '', 'APPROVED', 73, '2018-07-23'),
	(677, 16.00, '', 'APPROVED', 390, '2018-07-30'),
	(678, 2.00, '', 'APPROVED', 400, '2018-07-23'),
	(679, 2.00, '', 'APPROVED', 417, '2018-07-23'),
	(680, 6.00, '', 'APPROVED', 79, '2018-07-23'),
	(681, 16.00, '\r\n--- From Manager Start ---\r\nreroute to 0010.1-20-38P\r\n--- From Manager End ---', 'DECLINED', 217, '2018-07-31'),
	(682, 1.00, '', 'APPROVED', 322, '2018-07-23'),
	(683, 22.00, '', 'DECLINED', 270, '2018-07-23'),
	(684, 2.00, '', 'APPROVED', 269, '2018-07-23'),
	(685, 6.00, '', 'APPROVED', 415, '2018-07-23'),
	(686, 9.00, '', 'APPROVED', 177, '2018-07-23'),
	(687, 16.00, '', 'APPROVED', 390, '2018-08-01'),
	(688, 4.00, '', 'APPROVED', 50, '2018-08-01'),
	(689, 2.00, '', 'APPROVED', 122, '2018-08-01'),
	(690, 2.00, '', 'APPROVED', 136, '2018-08-01'),
	(691, 24.00, '', 'APPROVED', 265, '2018-08-01'),
	(692, 22.00, '', 'APPROVED', 198, '2018-08-01'),
	(693, 2.00, '', 'APPROVED', 339, '2018-08-01'),
	(694, 16.00, '', 'APPROVED', 289, '2018-07-30'),
	(695, 1.00, '', 'APPROVED', 43, '2018-07-30'),
	(696, 1.00, '', 'APPROVED', 92, '2018-07-30'),
	(697, 4.00, '', 'APPROVED', 400, '2018-07-30'),
	(698, 2.00, '', 'APPROVED', 264, '2018-07-30'),
	(699, 8.00, '', 'APPROVED', 420, '2018-08-01'),
	(700, 8.00, '', 'APPROVED', 414, '2018-08-01'),
	(701, 16.00, '', 'APPROVED', 266, '2018-08-01'),
	(702, 16.00, '', 'APPROVED', 291, '2018-08-01'),
	(703, 24.00, '', 'APPROVED', 67, '2018-08-01'),
	(704, 24.00, '', 'APPROVED', 78, '2018-08-01'),
	(705, 20.00, 'weekly report', 'APPROVED', 271, '2018-07-23'),
	(706, 16.00, '', 'APPROVED', 418, '2018-07-30'),
	(707, 24.00, '', 'APPROVED', 418, '2018-08-01'),
	(708, 16.00, '', 'APPROVED', 418, '2018-08-06'),
	(709, 8.00, 'weekly report', 'APPROVED', 271, '2018-08-06'),
	(710, 16.00, '', 'APPROVED', 197, '2018-08-06'),
	(711, 40.00, '', 'APPROVED', 421, '2018-08-06'),
	(712, 24.00, '', 'APPROVED', 421, '2018-08-01'),
	(713, 24.00, '', 'APPROVED', 172, '2018-08-01'),
	(714, 16.00, '', 'APPROVED', 113, '2018-08-01'),
	(715, 8.00, '', 'APPROVED', 77, '2018-08-01'),
	(716, 16.00, '', 'APPROVED', 141, '2018-08-06'),
	(717, 8.00, '', 'APPROVED', 68, '2018-08-06'),
	(718, 40.00, '', 'APPROVED', 68, '2018-08-13'),
	(719, 32.00, '', 'APPROVED', 68, '2018-08-20'),
	(720, 32.00, '', 'APPROVED', 265, '2018-08-06'),
	(721, 8.00, '', 'DECLINED', 80, '2018-08-20'),
	(722, 4.00, '', 'APPROVED', 455, '2018-08-06'),
	(723, 4.00, '', 'APPROVED', 155, '2018-08-06'),
	(724, 24.00, '\r\n--- From Manager Start ---\r\nchange to 0010.1-20-38P\r\n--- From Manager End ---', 'DECLINED', 217, '2018-08-01'),
	(725, 40.00, '', 'APPROVED', 78, '2018-08-06'),
	(726, 24.00, '', 'APPROVED', 209, '2018-08-01'),
	(727, 40.00, '', 'APPROVED', 209, '2018-08-06'),
	(728, 8.00, '', 'APPROVED', 76, '2018-08-06'),
	(729, 18.00, '', 'APPROVED', 395, '2018-08-01'),
	(730, 8.00, '', 'APPROVED', 40, '2018-08-06'),
	(731, 40.00, '', 'APPROVED', 76, '2018-08-13'),
	(732, 32.00, '', 'APPROVED', 76, '2018-08-20'),
	(733, 40.00, '', 'APPROVED', 76, '2018-08-27'),
	(734, 6.00, '', 'APPROVED', 188, '2018-08-06'),
	(735, 2.00, '', 'APPROVED', 395, '2018-08-06'),
	(736, 6.00, '', 'APPROVED', 88, '2018-08-06'),
	(737, 8.00, '\r\n--- From Manager Start ---\r\nreroute to 0010.1-20-38P\r\n--- From Manager End ---', 'DECLINED', 358, '2018-08-06'),
	(738, 8.00, '', 'APPROVED', 43, '2018-08-06'),
	(739, 8.00, '', 'APPROVED', 92, '2018-08-06'),
	(740, 2.00, '', 'APPROVED', 357, '2018-08-06'),
	(741, 3.00, '', 'APPROVED', 417, '2018-08-06'),
	(742, 8.00, '', 'APPROVED', 79, '2018-08-06'),
	(743, 3.00, '', 'APPROVED', 143, '2018-08-06'),
	(744, 2.00, '', 'APPROVED', 122, '2018-08-06'),
	(745, 2.00, '', 'APPROVED', 136, '2018-08-06'),
	(746, 2.00, '', 'APPROVED', 156, '2018-08-06'),
	(747, 34.00, '', 'APPROVED', 390, '2018-08-06'),
	(748, 16.00, '', 'APPROVED', 198, '2018-08-13'),
	(749, 16.00, '', 'APPROVED', 425, '2018-08-13'),
	(750, 40.00, '', 'APPROVED', 420, '2018-08-06'),
	(751, 8.00, '', 'APPROVED', 414, '2018-08-06'),
	(752, 8.00, '', 'APPROVED', 289, '2018-08-06'),
	(753, 24.00, '', 'APPROVED', 291, '2018-08-06'),
	(754, 20.00, '', 'APPROVED', 198, '2018-08-06'),
	(755, 20.00, '', 'APPROVED', 425, '2018-08-06'),
	(756, 6.00, '', 'APPROVED', 481, '2018-08-06'),
	(757, 7.00, '', 'APPROVED', 162, '2018-08-06'),
	(758, 3.00, '', 'APPROVED', 163, '2018-08-06'),
	(759, 38.00, '', 'APPROVED', 169, '2018-08-06'),
	(760, 2.00, '', 'APPROVED', 391, '2018-08-06'),
	(761, 40.00, '', 'APPROVED', 78, '2018-08-13'),
	(762, 16.00, '', 'APPROVED', 396, '2018-08-06'),
	(763, 40.00, '', 'APPROVED', 396, '2018-08-13'),
	(764, 16.00, '', 'APPROVED', 382, '2018-08-06'),
	(765, 6.00, '', 'APPROVED', 415, '2018-08-06'),
	(766, 9.00, '', 'APPROVED', 322, '2018-08-06'),
	(767, 9.00, '', 'APPROVED', 177, '2018-08-06'),
	(768, 8.00, 'weekly report preparation', 'APPROVED', 271, '2018-08-13'),
	(769, 32.00, '', 'APPROVED', 418, '2018-08-13'),
	(770, 12.00, '', 'APPROVED', 459, '2018-08-13'),
	(771, 20.00, '', 'APPROVED', 465, '2018-08-13'),
	(772, 40.00, '', 'APPROVED', 420, '2018-08-13'),
	(773, 23.00, '\r\n--- From Manager Start ---\r\nreroute to 0010.1-20-38P\r\n--- From Manager End ---', 'DECLINED', 488, '2018-08-13'),
	(774, 16.00, '', 'APPROVED', 291, '2018-08-13'),
	(775, 10.00, '', 'APPROVED', 414, '2018-08-13'),
	(776, 14.00, '', 'APPROVED', 289, '2018-08-13'),
	(777, 8.00, '', 'APPROVED', 169, '2018-08-13'),
	(778, 16.00, '', 'APPROVED', 424, '2018-08-13'),
	(779, 16.00, '', 'APPROVED', 391, '2018-08-13'),
	(780, 4.00, '', 'APPROVED', 156, '2018-08-13'),
	(781, 4.00, '\r\n--- From User Start ---\r\nCargill (Подпорные стенки)\r\n-- From User Start ---\r\n--- From User Start ---\r\nБратск. Лиственный поток. Отбельный цех (Стальные площадки)\r\n-- From User Start ---', 'APPROVED', 50, '2018-08-13'),
	(782, 32.00, '', 'APPROVED', 390, '2018-08-13'),
	(783, 8.00, '', 'APPROVED', 339, '2018-08-13'),
	(784, 40.00, '', 'APPROVED', 490, '2018-08-13'),
	(785, 3.00, '', 'DECLINED', 258, '2018-08-13'),
	(786, 37.00, '', 'APPROVED', 421, '2018-08-13'),
	(787, 8.00, '\r\n--- From Manager Start ---\r\nCV preparation\r\n--- From Manager End ---', 'APPROVED', 469, '2018-08-13'),
	(788, 7.00, '\r\n--- From Manager Start ---\r\nWSP proposal\r\n--- From Manager End ---', 'APPROVED', 177, '2018-08-13'),
	(789, 20.00, '\r\n--- From Manager Start ---\r\nreroute to 0010.1-20-38P\r\n--- From Manager End ---', 'DECLINED', 217, '2018-08-13'),
	(790, 12.00, '', 'APPROVED', 382, '2018-08-13'),
	(791, 1.00, '', 'APPROVED', 415, '2018-08-13'),
	(792, 32.00, '', 'APPROVED', 209, '2018-08-13'),
	(793, 8.00, '', 'APPROVED', 92, '2018-08-13'),
	(794, 4.00, 'work vs VR', 'APPROVED', 143, '2018-08-13'),
	(795, 24.00, '\r\n--- From Manager Start ---\r\nreroute to 0010.1-20-38P\r\n--- From Manager End ---', 'DECLINED', 358, '2018-08-13'),
	(796, 2.00, '', 'APPROVED', 469, '2018-08-20'),
	(797, 30.00, '', 'APPROVED', 465, '2018-08-20'),
	(798, 32.00, '', 'APPROVED', 420, '2018-08-20'),
	(799, 8.00, '', 'DECLINED', 82, '2018-08-20'),
	(800, 16.00, '', 'APPROVED', 289, '2018-08-20'),
	(801, 16.00, '', 'APPROVED', 414, '2018-08-20'),
	(802, 11.00, '\r\n--- From Manager Start ---\r\nфывфывфыв\r\n--- From Manager End ---', 'EDITABLE', 16, '2018-07-30'),
	(803, 40.00, 'ok\r\n--- From Manager Start ---\r\nreroute to 0010.1-20-38P\r\n--- From Manager End ---', 'APPROVED', 491, '2018-07-31'),
	(804, 16.00, 'ok', 'APPROVED', 341, '2018-08-20'),
	(805, 8.00, 'хорошо', 'APPROVED', 425, '2018-08-20'),
	(806, 8.00, 'ок', 'APPROVED', 339, '2018-08-20'),
	(807, 8.00, 'Plan vselennoy BIM', 'APPROVED', 143, '2018-08-20'),
	(808, 1.00, 'подготовка отчета', 'APPROVED', 43, '2018-08-20'),
	(809, 1.00, 'координация фрилансеров', 'APPROVED', 92, '2018-08-20'),
	(810, 32.00, 'ок', 'APPROVED', 421, '2018-08-20'),
	(811, 36.00, ')', 'APPROVED', 421, '2018-08-27'),
	(812, 32.00, 'ok', 'APPROVED', 481, '2018-08-20'),
	(813, 8.00, 'ok', 'APPROVED', 216, '2018-08-20'),
	(814, 8.00, 'ok', 'APPROVED', 424, '2018-08-20'),
	(815, 16.00, 'ok\r\n--- From Manager Start ---\r\nok\r\n--- From Manager End ---', 'APPROVED', 169, '2018-08-20'),
	(816, 20.00, 'reroute from 0010.0-20-38P', 'APPROVED', 491, '2018-08-13'),
	(817, 23.00, 'reroute from 0010.1-20-38P', 'APPROVED', 493, '2018-08-13'),
	(818, 28.00, 'reroute from 0010.1-20-38P', 'APPROVED', 492, '2018-08-13'),
	(819, 8.00, 'reroute from 0010.1-20-38P', 'APPROVED', 492, '2018-08-06'),
	(820, 24.00, 'ok', 'APPROVED', 209, '2018-08-20'),
	(821, 28.00, 'ok\r\n--- From Manager Start ---\r\nok\r\n--- From Manager End ---', 'APPROVED', 396, '2018-08-20'),
	(822, 4.00, 'ok', 'DECLINED', 495, '2018-08-20'),
	(823, 40.00, 'Nikitin', 'DECLINED', 495, '2018-08-27'),
	(824, 17.00, 'ok', 'APPROVED', 491, '2018-08-20'),
	(825, 15.00, 'ok\r\n--- From Manager Start ---\r\nok\r\n--- From Manager End ---', 'APPROVED', 382, '2018-08-20'),
	(826, 1.00, '111', 'DECLINED', 496, '2018-08-06'),
	(827, 24.00, '', 'APPROVED', 390, '2018-08-20'),
	(828, 2.00, '', 'APPROVED', 156, '2018-08-20'),
	(829, 2.00, '', 'APPROVED', 136, '2018-08-20'),
	(830, 2.00, '', 'APPROVED', 122, '2018-08-20'),
	(831, 2.00, '\r\n--- From User Start ---\r\nCargill (Подпорные стенки)\nБратск. Лиственный поток. Отбельный цех (Стальные площадки)\r\n-- From User Start ---', 'APPROVED', 50, '2018-08-20'),
	(832, 40.00, '', 'APPROVED', 390, '2018-08-27'),
	(833, 36.00, '', 'APPROVED', 465, '2018-08-27'),
	(834, 16.00, '', 'APPROVED', 493, '2018-08-20'),
	(835, 32.00, '', 'APPROVED', 78, '2018-08-20'),
	(836, 40.00, '', 'APPROVED', 78, '2018-08-27'),
	(837, 12.00, '', 'DECLINED', 358, '2018-08-20'),
	(838, 40.00, '', 'APPROVED', 209, '2018-08-27'),
	(839, 22.00, 'Это WSP то что в ревите делаем?', 'APPROVED', 492, '2018-08-20'),
	(840, 18.00, '', 'APPROVED', 289, '2018-08-27'),
	(841, 8.00, '', 'APPROVED', 169, '2018-08-27'),
	(842, 22.00, '', 'APPROVED', 414, '2018-08-27'),
	(843, 40.00, '', 'APPROVED', 481, '2018-08-27'),
	(844, 8.00, '\r\n--- From User Start ---\r\nКорректировка описания шаблона\r\n-- From User Start ---\r\n--- From Manager Start ---\r\nМакс, заполни в Ворксекшн\r\n--- From Manager End ---', 'APPROVED', 265, '2018-08-27'),
	(845, 40.00, '', 'APPROVED', 420, '2018-08-27'),
	(846, 40.00, '', 'APPROVED', 425, '2018-08-27'),
	(847, 32.00, '', 'APPROVED', 424, '2018-08-27'),
	(848, 8.00, 'Сейсмический расчет', 'APPROVED', 147, '2018-08-27'),
	(849, 24.00, 'Снятие замечаний експертизы.\r\n--- From User Start ---\r\nСнятие замечаний экспертизы. Расчет металлической этажерки и фундамента сушилки.\r\n-- From User Start ---', 'APPROVED', 131, '2018-08-27'),
	(850, 22.00, '', 'APPROVED', 492, '2018-08-27'),
	(851, 8.00, '', 'APPROVED', 143, '2018-08-27'),
	(852, 2.00, '', 'APPROVED', 92, '2018-08-27'),
	(853, 8.00, 'Участие во встречах\r\n--- From User Start ---\r\nофисные дела\r\n-- From User Start ---', 'APPROVED', 79, '2018-08-27'),
	(854, 4.00, 'report preparation', 'APPROVED', 83, '2018-08-27'),
	(855, 10.00, '', 'APPROVED', 382, '2018-08-27'),
	(856, 30.00, '', 'APPROVED', 491, '2018-08-27'),
	(857, 12.00, '', 'APPROVED', 271, '2018-08-20'),
	(858, 20.00, '', 'APPROVED', 418, '2018-08-20'),
	(859, 4.00, '', 'APPROVED', 271, '2018-08-27'),
	(860, 36.00, '', 'APPROVED', 418, '2018-08-27'),
	(862, 8.00, '', 'APPROVED', 465, '2018-09-03'),
	(863, 24.00, '', 'DECLINED', 495, '2018-09-03'),
	(864, 16.00, '', 'APPROVED', 396, '2018-09-03'),
	(865, 8.00, '', 'APPROVED', 88, '2018-09-03'),
	(866, 32.00, 'Корректировка расчетов, пояснительных записок, расчетных записок', 'APPROVED', 131, '2018-09-03'),
	(867, 8.00, '0044-20-38_BPB. APPARTAMENT BUILDING GERMANY', 'APPROVED', 17, '2018-09-03'),
	(868, 39.00, '', 'APPROVED', 421, '2018-09-03'),
	(870, 1.00, '', 'APPROVED', 388, '2018-09-03'),
	(871, 40.00, '', 'APPROVED', 420, '2018-09-03'),
	(873, 25.00, '\r\n--- From Manager Start ---\r\n25 hours actual\r\n--- From Manager End ---', 'APPROVED', 493, '2018-08-27'),
	(876, 16.00, '', 'APPROVED', 169, '2018-09-03'),
	(877, 16.00, '', 'APPROVED', 424, '2018-09-03'),
	(878, 15.00, '', 'APPROVED', 92, '2018-09-03'),
	(879, 8.00, 'Визит к эксперту', 'APPROVED', 431, '2018-09-03'),
	(880, 4.00, '', 'APPROVED', 156, '2018-09-03'),
	(881, 28.00, '', 'APPROVED', 390, '2018-09-03'),
	(882, 24.00, '', 'APPROVED', 491, '2018-09-03'),
	(883, 9.00, '', 'APPROVED', 382, '2018-09-03'),
	(884, 7.00, '', 'APPROVED', 177, '2018-09-03'),
	(885, 7.00, '5часов митинги и совещания', 'APPROVED', 79, '2018-09-03'),
	(886, 18.00, '10.2 _ PEP\r\n--- From Manager Start ---\r\nпроект 0010.2\r\n--- From Manager End ---', 'DECLINED', 358, '2018-09-03'),
	(887, 32.00, '', 'APPROVED', 497, '2018-09-03'),
	(888, 16.00, '', 'APPROVED', 497, '2018-09-10'),
	(889, 32.00, '', 'DECLINED', 490, '2018-08-27'),
	(891, 32.00, '', 'APPROVED', 490, '2018-09-03'),
	(892, 8.00, '', 'APPROVED', 481, '2018-09-03'),
	(893, 21.00, '', 'APPROVED', 499, '2018-09-03'),
	(894, 20.00, '', 'APPROVED', 289, '2018-09-03'),
	(895, 20.00, '', 'APPROVED', 414, '2018-09-03'),
	(896, 5.00, '', 'APPROVED', 500, '2018-08-27'),
	(897, 40.00, '', 'APPROVED', 418, '2018-09-03'),
	(898, 40.00, '', 'APPROVED', 418, '2018-09-10'),
	(899, 18.00, '', 'APPROVED', 501, '2018-09-03'),
	(900, 35.00, '', 'APPROVED', 500, '2018-09-03'),
	(901, 32.00, '', 'APPROVED', 396, '2018-09-10'),
	(902, 8.00, '', 'APPROVED', 502, '2018-09-10'),
	(903, 15.00, '', 'APPROVED', 465, '2018-09-10'),
	(904, 9.00, '', 'APPROVED', 457, '2018-09-10'),
	(905, 4.00, '', 'EDITABLE', 496, '2018-08-27'),
	(906, 3.00, 'asdasd', 'EDITABLE', 496, '2018-09-01'),
	(907, 4.00, 'sdfsdfsdf', 'DECLINED', 496, '2018-09-03'),
	(908, 40.00, '', 'APPROVED', 78, '2018-09-03'),
	(909, 40.00, '', 'APPROVED', 78, '2018-09-10'),
	(910, 32.00, '', 'APPROVED', 209, '2018-09-03'),
	(911, 40.00, '', 'APPROVED', 209, '2018-09-10'),
	(912, 40.00, '', 'APPROVED', 425, '2018-09-03'),
	(913, 16.00, 'Подготовка комплекта чертежей и расчетных записок', 'APPROVED', 106, '2018-09-10'),
	(914, 8.00, '', 'DECLINED', 147, '2018-09-10'),
	(915, 24.00, 'Расчет несущей способности свай, подготовка геологических разрезов для посадки фундаментов', 'DECLINED', 503, '2018-09-10'),
	(916, 8.00, '0045-20-38_FABER. Kideal 1. Technical audit', 'APPROVED', 50, '2018-09-10'),
	(917, 16.00, '', 'APPROVED', 156, '2018-09-10'),
	(918, 8.00, '', 'APPROVED', 390, '2018-09-10'),
	(919, 8.00, '', 'APPROVED', 177, '2018-09-10'),
	(920, 8.00, '', 'APPROVED', 382, '2018-09-10'),
	(921, 24.00, '', 'APPROVED', 491, '2018-09-10'),
	(922, 24.00, '', 'APPROVED', 420, '2018-09-10'),
	(923, 16.00, '', 'APPROVED', 107, '2018-09-10'),
	(924, 38.00, '', 'APPROVED', 500, '2018-09-10'),
	(925, 40.00, '', 'APPROVED', 418, '2018-09-17'),
	(926, 20.00, '', 'APPROVED', 499, '2018-09-10'),
	(927, 8.00, '', 'APPROVED', 88, '2018-09-10'),
	(928, 40.00, '', 'APPROVED', 425, '2018-09-10'),
	(929, 20.00, '', 'APPROVED', 8, '2018-09-10'),
	(930, 19.00, '', 'APPROVED', 421, '2018-09-10'),
	(931, 1.00, '', 'APPROVED', 388, '2018-09-10'),
	(932, 8.00, '', 'DECLINED', 504, '2018-09-10'),
	(933, 8.00, '', 'APPROVED', 109, '2018-09-10'),
	(934, 16.00, '', 'APPROVED', 366, '2018-09-10'),
	(935, 24.00, '', 'APPROVED', 424, '2018-09-10'),
	(936, 8.00, 'Проджект митинг, тренинг, встреча с Автодеск\r\n--- From User Start ---\r\n2 часа на проект 0002-\r\n-- From User Start ---', 'APPROVED', 79, '2018-09-10'),
	(937, 4.00, '', 'APPROVED', 92, '2018-09-10'),
	(938, 15.00, '', 'APPROVED', 501, '2018-09-10'),
	(939, 6.00, '', 'APPROVED', 143, '2018-09-10'),
	(940, 7.00, 'BIM Supporting', 'APPROVED', 417, '2018-09-10'),
	(941, 24.00, '\r\n--- From Manager Start ---\r\nfrom 0016\r\n--- From Manager End ---', 'APPROVED', 515, '2018-09-03'),
	(942, 40.00, 'from 0016', 'APPROVED', 515, '2018-08-27'),
	(943, 4.00, 'from 0016', 'APPROVED', 515, '2018-08-20'),
	(944, 16.00, '', 'APPROVED', 481, '2018-09-10'),
	(945, 24.00, '', 'APPROVED', 490, '2018-09-10'),
	(946, 1.00, '', 'DECLINED', 497, '2018-09-17'),
	(947, 15.00, '', 'APPROVED', 414, '2018-09-10'),
	(948, 15.00, '', 'APPROVED', 289, '2018-09-10'),
	(949, 32.00, '', 'APPROVED', 78, '2018-10-15'),
	(950, 10.00, '', 'APPROVED', 516, '2018-09-10'),
	(951, 40.00, '', 'APPROVED', 396, '2018-09-17'),
	(952, 17.00, '', 'APPROVED', 465, '2018-09-17'),
	(953, 1.00, '', 'APPROVED', 472, '2018-09-17'),
	(954, 40.00, '\r\n--- From User Start ---\r\n1. Proposal for TD, DD, CM and Tendering the General Contractors\r\n-- From User Start ---\r\n--- From User Start ---\r\n1. Proposal for TD, DD, CM and Tendering the General Contractors\r\n-- From User Start ---\r\n--- From User Start ---\r\n2. BD for Astarta\r\n-- From User Start ---', 'APPROVED', 511, '2018-09-17'),
	(955, 36.00, '', 'APPROVED', 425, '2018-09-17'),
	(956, 4.00, '', 'APPROVED', 339, '2018-09-17'),
	(957, 6.00, '', 'APPROVED', 88, '2018-09-17'),
	(958, 24.00, '', 'DECLINED', 504, '2018-09-17'),
	(959, 1.00, '', 'APPROVED', 40, '2018-09-17'),
	(960, 40.00, '', 'APPROVED', 420, '2018-09-17'),
	(961, 2.00, '', 'APPROVED', 83, '2018-09-17'),
	(962, 38.00, '', 'APPROVED', 421, '2018-09-17'),
	(963, 40.00, '', 'APPROVED', 490, '2018-09-17'),
	(964, 40.00, '', 'DECLINED', 377, '2018-09-24'),
	(965, 40.00, '', 'DECLINED', 503, '2018-09-17'),
	(966, 2.00, '', 'APPROVED', 169, '2018-09-17'),
	(967, 2.00, '', 'APPROVED', 168, '2018-09-17'),
	(968, 4.00, '', 'APPROVED', 213, '2018-09-17'),
	(969, 28.00, '', 'DECLINED', 377, '2018-09-17'),
	(970, 4.00, '', 'APPROVED', 366, '2018-09-17'),
	(971, 8.00, '1) 0044-20-38_FABER. Дитсадок. 2) Проект збільшення потужності. Глобинський переробний завод', 'APPROVED', 50, '2018-09-17'),
	(972, 8.00, '', 'APPROVED', 156, '2018-09-17'),
	(973, 24.00, '', 'APPROVED', 390, '2018-09-17'),
	(974, 16.00, '', 'APPROVED', 390, '2018-09-24'),
	(975, 24.00, '', 'APPROVED', 73, '2018-09-24'),
	(976, 40.00, '', 'APPROVED', 73, '2018-10-01'),
	(977, 24.00, '', 'APPROVED', 73, '2018-10-08'),
	(978, 40.00, '', 'APPROVED', 396, '2018-09-24'),
	(979, 12.00, '', 'APPROVED', 40, '2018-09-24'),
	(980, 18.00, '', 'DECLINED', 504, '2018-09-24'),
	(981, 36.00, '', 'APPROVED', 425, '2018-09-24'),
	(982, 12.00, '', 'APPROVED', 427, '2018-09-03'),
	(983, 40.00, '', 'APPROVED', 75, '2018-09-10'),
	(984, 16.00, '', 'APPROVED', 75, '2018-09-17'),
	(985, 24.00, '', 'APPROVED', 75, '2018-09-03'),
	(986, 4.00, '', 'APPROVED', 39, '2018-09-03'),
	(987, 4.00, '', 'APPROVED', 39, '2018-09-17'),
	(988, 3.00, '', 'APPROVED', 153, '2018-09-17'),
	(989, 3.00, '', 'APPROVED', 52, '2018-09-17'),
	(990, 14.00, '', 'APPROVED', 427, '2018-09-17'),
	(991, 40.00, '', 'APPROVED', 420, '2018-09-24'),
	(992, 40.00, '', 'APPROVED', 421, '2018-09-24'),
	(993, 14.00, '', 'APPROVED', 92, '2018-09-17'),
	(994, 6.00, '', 'APPROVED', 417, '2018-09-17'),
	(995, 2.00, '', 'APPROVED', 501, '2018-09-17'),
	(996, 10.00, '\r\n--- From User Start ---\r\nПроджект митинг + проджект тренинг+квотерли проджект митинг\r\n-- From User Start ---', 'APPROVED', 79, '2018-09-17'),
	(997, 8.00, '', 'APPROVED', 143, '2018-09-17'),
	(998, 4.00, '', 'APPROVED', 300, '2018-09-17'),
	(999, 26.00, '', 'APPROVED', 289, '2018-09-17'),
	(1000, 10.00, '', 'APPROVED', 414, '2018-09-17'),
	(1001, 16.00, '', 'APPROVED', 289, '2018-09-24'),
	(1002, 16.00, '', 'APPROVED', 414, '2018-09-24'),
	(1003, 8.00, '', 'APPROVED', 516, '2018-09-24'),
	(1004, 36.00, '', 'APPROVED', 500, '2018-09-17'),
	(1005, 40.00, '', 'APPROVED', 78, '2018-09-17'),
	(1006, 40.00, '', 'APPROVED', 78, '2018-09-24'),
	(1007, 32.00, '', 'APPROVED', 209, '2018-09-17'),
	(1008, 4.00, '', 'APPROVED', 491, '2018-09-17'),
	(1009, 7.00, '', 'APPROVED', 177, '2018-09-17'),
	(1010, 29.00, '', 'APPROVED', 382, '2018-09-17'),
	(1011, 22.00, '', 'DECLINED', 462, '2018-09-17'),
	(1012, 22.00, '', 'APPROVED', 463, '2018-09-17'),
	(1013, 16.00, '', 'APPROVED', 382, '2018-07-02'),
	(1014, 22.00, '', 'APPROVED', 382, '2018-07-23'),
	(1015, 40.00, '', 'APPROVED', 418, '2018-09-24'),
	(1016, 24.00, 'Расчет несущей способности свай, подготовка геологических разрезов для посадки фундаментов', 'APPROVED', 386, '2018-09-10'),
	(1017, 40.00, '', 'APPROVED', 386, '2018-09-17'),
	(1018, 6.00, '', 'APPROVED', 388, '2018-07-02'),
	(1019, 8.00, '', 'APPROVED', 388, '2018-07-09'),
	(1020, 20.00, '', 'APPROVED', 388, '2018-07-23'),
	(1021, 6.00, '', 'APPROVED', 388, '2018-07-30'),
	(1022, 3.00, '', 'APPROVED', 388, '2018-08-13'),
	(1023, 8.00, '', 'APPROVED', 395, '2018-09-10'),
	(1024, 24.00, '', 'APPROVED', 395, '2018-09-17'),
	(1025, 18.00, '', 'APPROVED', 395, '2018-09-24'),
	(1026, 10.00, '', 'APPROVED', 457, '2018-09-24'),
	(1027, 1.00, '', 'APPROVED', 472, '2018-09-24'),
	(1028, 20.00, '', 'APPROVED', 465, '2018-09-24'),
	(1029, 40.00, '', 'APPROVED', 386, '2018-09-24'),
	(1030, 28.00, '', 'APPROVED', 391, '2018-09-17'),
	(1031, 40.00, '', 'APPROVED', 391, '2018-09-24'),
	(1032, 32.00, '', 'APPROVED', 209, '2018-09-24'),
	(1033, 9.00, '', 'APPROVED', 463, '2018-09-24'),
	(1034, 8.00, '', 'APPROVED', 177, '2018-09-24'),
	(1035, 3.00, '', 'APPROVED', 491, '2018-09-24'),
	(1036, 29.00, '', 'APPROVED', 382, '2018-09-24'),
	(1037, 40.00, '', 'APPROVED', 500, '2018-09-24'),
	(1038, 4.00, '', 'APPROVED', 339, '2018-09-24'),
	(1039, 8.00, 'Проджект митинги + девелопмент', 'APPROVED', 79, '2018-09-24'),
	(1040, 16.00, '', 'APPROVED', 92, '2018-09-24'),
	(1041, 8.00, 'Подготовка к презентации\nПодготовка программы развития', 'APPROVED', 143, '2018-09-24'),
	(1042, 4.00, '', 'APPROVED', 501, '2018-09-24'),
	(1043, 4.00, '', 'APPROVED', 417, '2018-09-24'),
	(1044, 24.00, '', 'APPROVED', 481, '2018-09-24'),
	(1045, 16.00, '', 'APPROVED', 490, '2018-09-24'),
	(1046, 24.00, '', 'APPROVED', 506, '2018-09-24'),
	(1047, 16.00, 'Proposal Astarta', 'APPROVED', 511, '2018-09-24'),
	(1048, 8.00, '', 'DECLINED', 106, '2018-10-01'),
	(1049, 1.00, '', 'APPROVED', 39, '2018-09-24'),
	(1050, 4.00, '', 'APPROVED', 52, '2018-09-24'),
	(1051, 2.00, '', 'APPROVED', 531, '2018-09-24'),
	(1052, 10.00, '', 'APPROVED', 87, '2018-09-24'),
	(1053, 1.00, '', 'APPROVED', 448, '2018-09-24'),
	(1054, 22.00, '', 'APPROVED', 427, '2018-09-24'),
	(1055, 8.00, '', 'APPROVED', 87, '2018-10-01'),
	(1056, 2.00, '', 'APPROVED', 448, '2018-10-01'),
	(1057, 8.00, '', 'APPROVED', 177, '2018-10-01'),
	(1058, 2.00, '', 'APPROVED', 415, '2018-10-01'),
	(1059, 30.00, '', 'APPROVED', 382, '2018-10-01'),
	(1060, 16.00, '', 'APPROVED', 386, '2018-10-01'),
	(1061, 31.00, '', 'APPROVED', 500, '2018-10-01'),
	(1062, 40.00, '', 'APPROVED', 78, '2018-10-01'),
	(1063, 32.00, '', 'APPROVED', 209, '2018-10-01'),
	(1064, 10.00, '', 'APPROVED', 506, '2018-10-01'),
	(1065, 30.00, 'Astarta\r\n--- From User Start ---\r\nAstarta - 12 hours, MKhP - 18 hours\r\n-- From User Start ---', 'APPROVED', 511, '2018-10-01'),
	(1066, 24.00, '', 'APPROVED', 537, '2018-10-01'),
	(1067, 2.00, '', 'APPROVED', 534, '2018-10-01'),
	(1068, 29.00, '', 'APPROVED', 395, '2018-10-01'),
	(1069, 4.00, '', 'APPROVED', 339, '2018-10-01'),
	(1070, 28.00, '', 'APPROVED', 425, '2018-10-01'),
	(1071, 8.00, 'Выступление на мероприятии АРКАДЫ с VR презентацией', 'APPROVED', 86, '2018-10-01'),
	(1072, 40.00, '', 'APPROVED', 418, '2018-10-01'),
	(1073, 40.00, '', 'APPROVED', 418, '2018-10-08'),
	(1074, 40.00, '', 'APPROVED', 396, '2018-10-01'),
	(1075, 40.00, '', 'APPROVED', 420, '2018-10-01'),
	(1076, 40.00, '', 'APPROVED', 421, '2018-10-01'),
	(1077, 16.00, '', 'APPROVED', 289, '2018-10-01'),
	(1078, 4.00, '', 'APPROVED', 516, '2018-10-01'),
	(1079, 20.00, '', 'APPROVED', 414, '2018-10-01'),
	(1080, 40.00, '', 'APPROVED', 465, '2018-10-01'),
	(1081, 8.00, '', 'APPROVED', 424, '2018-10-01'),
	(1082, 24.00, '', 'APPROVED', 391, '2018-10-01'),
	(1083, 8.00, '\r\n--- From Manager Start ---\r\nГлобино\r\n--- From Manager End ---', 'APPROVED', 213, '2018-10-01'),
	(1084, 1.00, '', 'APPROVED', 145, '2018-10-01'),
	(1085, 9.00, '2+7', 'APPROVED', 79, '2018-10-01'),
	(1086, 8.00, '1+7', 'APPROVED', 143, '2018-10-01'),
	(1087, 5.00, '', 'APPROVED', 501, '2018-10-01'),
	(1088, 3.00, '', 'APPROVED', 417, '2018-10-01'),
	(1089, 8.00, 'Unit City', 'APPROVED', 45, '2018-10-01'),
	(1090, 6.00, '', 'APPROVED', 92, '2018-10-01'),
	(1091, 8.00, '', 'APPROVED', 537, '2018-10-08'),
	(1092, 32.00, '', 'APPROVED', 209, '2018-10-08'),
	(1093, 40.00, '', 'APPROVED', 465, '2018-10-08'),
	(1094, 40.00, '', 'APPROVED', 420, '2018-10-08'),
	(1095, 40.00, '', 'APPROVED', 395, '2018-10-08'),
	(1096, 23.00, '', 'APPROVED', 427, '2018-10-08'),
	(1097, 14.00, '', 'APPROVED', 427, '2018-10-01'),
	(1098, 16.00, '', 'APPROVED', 153, '2018-10-01'),
	(1099, 1.00, '', 'APPROVED', 39, '2018-10-08'),
	(1100, 3.00, '', 'APPROVED', 448, '2018-10-08'),
	(1101, 12.00, '', 'APPROVED', 87, '2018-10-08'),
	(1102, 1.00, '', 'APPROVED', 531, '2018-10-08'),
	(1103, 16.00, '', 'DECLINED', 173, '2018-10-08'),
	(1104, 16.00, '', 'APPROVED', 106, '2018-10-08'),
	(1105, 16.00, '', 'APPROVED', 386, '2018-10-08'),
	(1106, 24.00, '', 'APPROVED', 425, '2018-10-08'),
	(1107, 24.00, '', 'APPROVED', 481, '2018-10-01'),
	(1108, 16.00, '', 'APPROVED', 392, '2018-10-08'),
	(1109, 16.00, '', 'APPROVED', 490, '2018-10-01'),
	(1110, 24.00, '', 'APPROVED', 481, '2018-10-08'),
	(1111, 8.00, '', 'APPROVED', 490, '2018-10-08'),
	(1112, 24.00, '', 'APPROVED', 421, '2018-10-08'),
	(1113, 10.00, '', 'APPROVED', 388, '2018-10-08'),
	(1114, 6.00, '', 'APPROVED', 83, '2018-10-08'),
	(1115, 8.00, '', 'APPROVED', 538, '2018-10-08'),
	(1116, 24.00, '', 'APPROVED', 541, '2018-10-08'),
	(1117, 32.00, '', 'APPROVED', 418, '2018-10-15'),
	(1118, 10.00, 'MKhP contract adjustment', 'APPROVED', 511, '2018-10-08'),
	(1119, 6.00, '', 'APPROVED', 506, '2018-10-08'),
	(1120, 32.00, '', 'APPROVED', 209, '2018-10-15'),
	(1121, 16.00, '', 'APPROVED', 539, '2018-10-08'),
	(1122, 24.00, '', 'APPROVED', 396, '2018-10-08'),
	(1123, 32.00, '', 'APPROVED', 391, '2018-10-08'),
	(1124, 8.00, '', 'APPROVED', 424, '2018-10-08'),
	(1125, 8.00, '', 'APPROVED', 45, '2018-10-08'),
	(1126, 4.00, '', 'APPROVED', 79, '2018-10-08'),
	(1127, 7.00, '', 'APPROVED', 92, '2018-10-08'),
	(1128, 2.00, '', 'APPROVED', 356, '2018-10-08'),
	(1129, 7.00, '', 'APPROVED', 417, '2018-10-08'),
	(1130, 12.00, '', 'APPROVED', 143, '2018-10-08'),
	(1131, 40.00, '', 'APPROVED', 543, '2018-10-08'),
	(1132, 40.00, '', 'APPROVED', 78, '2018-10-08'),
	(1133, 24.00, '', 'APPROVED', 177, '2018-10-08'),
	(1134, 16.00, '', 'APPROVED', 382, '2018-10-08'),
	(1135, 8.00, '', 'APPROVED', 289, '2018-10-08'),
	(1136, 8.00, '', 'APPROVED', 381, '2018-10-08'),
	(1137, 24.00, '', 'APPROVED', 414, '2018-10-08'),
	(1138, 10.00, '', 'DECLINED', 106, '2018-10-22'),
	(1139, 10.00, '', 'APPROVED', 173, '2018-10-22'),
	(1140, 16.00, '', 'APPROVED', 465, '2018-10-15'),
	(1141, 16.00, '', 'APPROVED', 457, '2018-10-15'),
	(1142, 8.00, '', 'APPROVED', 83, '2018-10-15'),
	(1143, 24.00, '', 'APPROVED', 421, '2018-10-15'),
	(1144, 2.00, '', 'APPROVED', 501, '2018-10-15'),
	(1145, 4.00, '', 'APPROVED', 92, '2018-10-15'),
	(1146, 3.00, '', 'APPROVED', 417, '2018-10-15'),
	(1147, 10.00, '', 'APPROVED', 45, '2018-10-15'),
	(1148, 2.00, '', 'APPROVED', 79, '2018-10-15'),
	(1149, 11.00, '', 'APPROVED', 143, '2018-10-15'),
	(1150, 8.00, '', 'APPROVED', 430, '2018-10-15'),
	(1151, 8.00, '', 'DECLINED', 85, '2018-10-15'),
	(1152, 16.00, '', 'APPROVED', 390, '2018-10-15'),
	(1153, 8.00, '', 'APPROVED', 156, '2018-10-15'),
	(1154, 16.00, '', 'APPROVED', 70, '2018-10-15'),
	(1155, 16.00, '', 'APPROVED', 420, '2018-10-15'),
	(1156, 40.00, 'Holiday', 'DECLINED', 209, '2018-10-22'),
	(1157, 40.00, '', 'APPROVED', 418, '2018-10-22'),
	(1158, 24.00, '', 'APPROVED', 418, '2018-10-29'),
	(1159, 8.00, '', 'APPROVED', 522, '2018-10-15'),
	(1160, 16.00, '', 'APPROVED', 106, '2018-10-15'),
	(1161, 8.00, '', 'APPROVED', 386, '2018-10-15'),
	(1162, 16.00, '', 'APPROVED', 542, '2018-10-15'),
	(1163, 8.00, '', 'APPROVED', 391, '2018-10-15'),
	(1164, 4.00, '', 'APPROVED', 424, '2018-10-15'),
	(1165, 4.00, '', 'APPROVED', 528, '2018-10-15'),
	(1166, 12.00, '', 'APPROVED', 395, '2018-10-15'),
	(1167, 12.00, '', 'APPROVED', 534, '2018-10-15'),
	(1168, 6.00, '', 'APPROVED', 88, '2018-10-15'),
	(1169, 32.00, '', 'APPROVED', 539, '2018-10-15'),
	(1170, 29.00, '', 'APPROVED', 541, '2018-10-15'),
	(1171, 3.00, '', 'APPROVED', 506, '2018-10-15'),
	(1172, 2.00, 'Prepration for HVAC Concept Design Presentation', 'APPROVED', 86, '2018-10-15'),
	(1173, 18.00, '', 'APPROVED', 392, '2018-10-15'),
	(1174, 12.00, '', 'APPROVED', 425, '2018-10-15'),
	(1175, 8.00, '', 'APPROVED', 289, '2018-10-15'),
	(1176, 16.00, '', 'APPROVED', 381, '2018-10-15'),
	(1177, 8.00, '', 'APPROVED', 414, '2018-10-15'),
	(1178, 20.00, '', 'APPROVED', 543, '2018-10-15'),
	(1179, 10.00, '', 'APPROVED', 493, '2018-10-15'),
	(1180, 16.00, '', 'APPROVED', 538, '2018-10-15'),
	(1181, 16.00, '', 'APPROVED', 481, '2018-10-15'),
	(1182, 40.00, '', 'APPROVED', 457, '2018-10-22'),
	(1183, 40.00, '', 'APPROVED', 212, '2018-10-22'),
	(1184, 12.00, '', 'APPROVED', 539, '2018-10-22'),
	(1185, 28.00, '', 'APPROVED', 396, '2018-10-22'),
	(1186, 8.00, '', 'APPROVED', 68, '2018-10-22'),
	(1187, 8.00, '', 'DECLINED', 265, '2018-10-22'),
	(1188, 14.00, '', 'APPROVED', 522, '2018-10-22'),
	(1189, 4.00, 'Prepration for HVAC Concept Design Presentation\r\n--- From User Start ---\r\n2*Prepration for HVAC Concept Design Presentatio\r\n-- From User Start ---\r\n--- From User Start ---\r\n2*Prepration for HVAC Concept Design Presentatio 2*BIM Development\r\n-- From User Start ---', 'APPROVED', 86, '2018-10-22'),
	(1190, 4.00, '', 'APPROVED', 339, '2018-10-22'),
	(1191, 4.00, '', 'APPROVED', 392, '2018-10-22'),
	(1192, 6.00, '', 'APPROVED', 198, '2018-10-22'),
	(1193, 22.00, '', 'APPROVED', 425, '2018-10-22'),
	(1194, 32.00, '', 'APPROVED', 382, '2018-10-22'),
	(1195, 8.00, '', 'APPROVED', 177, '2018-10-22'),
	(1196, 28.00, '', 'APPROVED', 382, '2018-10-15'),
	(1197, 4.00, '', 'APPROVED', 177, '2018-10-15'),
	(1198, 24.00, '', 'APPROVED', 522, '2018-10-29'),
	(1199, 16.00, '', 'APPROVED', 414, '2018-10-22'),
	(1200, 24.00, '', 'APPROVED', 289, '2018-10-22'),
	(1201, 24.00, '', 'APPROVED', 480, '2018-10-22'),
	(1202, 16.00, '', 'APPROVED', 481, '2018-10-22'),
	(1203, 8.00, '', 'APPROVED', 539, '2018-10-29'),
	(1204, 16.00, '', 'APPROVED', 155, '2018-10-29'),
	(1205, 16.00, '', 'APPROVED', 420, '2018-10-22'),
	(1206, 24.00, '', 'DECLINED', 266, '2018-10-22'),
	(1207, 24.00, '', 'DECLINED', 266, '2018-10-29'),
	(1208, 8.00, '', 'APPROVED', 542, '2018-10-22'),
	(1209, 32.00, '', 'APPROVED', 373, '2018-10-22'),
	(1210, 24.00, '', 'APPROVED', 373, '2018-10-29'),
	(1211, 40.00, '', 'APPROVED', 78, '2018-10-22'),
	(1212, 24.00, '', 'APPROVED', 78, '2018-10-29'),
	(1213, 16.00, '', 'DECLINED', 267, '2018-10-29'),
	(1214, 24.00, '', 'APPROVED', 457, '2018-10-29'),
	(1215, 24.00, '', 'APPROVED', 534, '2018-10-22'),
	(1216, 6.00, '', 'APPROVED', 88, '2018-10-22'),
	(1217, 24.00, '', 'APPROVED', 480, '2018-10-29'),
	(1218, 4.00, '', 'APPROVED', 198, '2018-10-29'),
	(1219, 4.00, '', 'APPROVED', 339, '2018-10-29'),
	(1220, 24.00, '', 'APPROVED', 156, '2018-10-22'),
	(1221, 16.00, '', 'APPROVED', 390, '2018-10-22'),
	(1222, 24.00, '', 'APPROVED', 156, '2018-10-29'),
	(1223, 24.00, '', 'DECLINED', 212, '2018-10-29'),
	(1224, 18.00, '', 'APPROVED', 534, '2018-10-29'),
	(1225, 5.00, '', 'APPROVED', 92, '2018-10-22'),
	(1226, 12.00, '', 'APPROVED', 143, '2018-10-22'),
	(1227, 8.00, '', 'APPROVED', 177, '2018-10-29'),
	(1228, 8.00, '', 'APPROVED', 491, '2018-10-29'),
	(1229, 8.00, '', 'APPROVED', 382, '2018-10-29'),
	(1230, 3.00, '', 'APPROVED', 421, '2018-10-22'),
	(1231, 8.00, '', 'APPROVED', 71, '2018-10-22'),
	(1232, 29.00, '', 'APPROVED', 83, '2018-10-22'),
	(1233, 24.00, '', 'APPROVED', 71, '2018-10-29'),
	(1234, 24.00, '', 'APPROVED', 209, '2018-10-29'),
	(1235, 10.00, 'Unit Contract', 'APPROVED', 45, '2018-10-22'),
	(1236, 6.00, '', 'APPROVED', 79, '2018-10-22'),
	(1237, 2.00, 'Обучение сотрудников', 'APPROVED', 145, '2018-10-22'),
	(1238, 24.00, '', 'APPROVED', 289, '2018-10-29'),
	(1239, 5.00, '', 'APPROVED', 417, '2018-10-22'),
	(1240, 2.00, 'unit Contract', 'APPROVED', 45, '2018-10-29'),
	(1241, 4.00, '', 'APPROVED', 92, '2018-10-29'),
	(1242, 9.00, '', 'APPROVED', 143, '2018-10-29'),
	(1243, 2.00, '', 'APPROVED', 145, '2018-10-29'),
	(1244, 2.00, '', 'APPROVED', 417, '2018-10-29'),
	(1245, 3.00, '', 'APPROVED', 79, '2018-10-29'),
	(1246, 2.00, '', 'APPROVED', 357, '2018-10-29'),
	(1247, 14.00, '', 'APPROVED', 87, '2018-10-15'),
	(1248, 16.00, '', 'APPROVED', 87, '2018-10-22'),
	(1249, 2.00, '', 'APPROVED', 531, '2018-10-15'),
	(1250, 4.00, '', 'APPROVED', 531, '2018-10-22'),
	(1251, 2.00, '', 'APPROVED', 39, '2018-10-15'),
	(1252, 4.00, '', 'APPROVED', 39, '2018-10-22'),
	(1253, 6.00, '', 'APPROVED', 448, '2018-10-15'),
	(1254, 4.00, '', 'APPROVED', 153, '2018-10-22'),
	(1255, 4.00, '', 'APPROVED', 448, '2018-10-22'),
	(1256, 8.00, '', 'APPROVED', 427, '2018-10-22'),
	(1257, 8.00, '', 'APPROVED', 427, '2018-10-15'),
	(1258, 3.00, '', 'APPROVED', 52, '2018-10-29'),
	(1259, 2.00, '\r\n--- From User Start ---\r\nMHP proposal\r\n-- From User Start ---', 'APPROVED', 511, '2018-10-22'),
	(1260, 4.00, '', 'APPROVED', 506, '2018-10-22'),
	(1261, 34.00, '', 'APPROVED', 541, '2018-10-22'),
	(1262, 4.00, '', 'APPROVED', 506, '2018-10-29'),
	(1263, 20.00, '', 'APPROVED', 541, '2018-10-29'),
	(1264, 4.00, '', 'APPROVED', 489, '2018-10-22'),
	(1265, 4.00, '', 'APPROVED', 493, '2018-10-22'),
	(1266, 30.00, '', 'APPROVED', 552, '2018-10-22'),
	(1267, 24.00, '', 'APPROVED', 552, '2018-10-29'),
	(1268, 8.00, '\r\n--- From Manager Start ---\r\nWS подтвердить\r\n--- From Manager End ---', 'APPROVED', 550, '2018-10-22'),
	(1269, 24.00, '\r\n--- From Manager Start ---\r\nПодтвердить в WS\r\n--- From Manager End ---', 'APPROVED', 551, '2018-10-22'),
	(1270, 24.00, '\r\n--- From Manager Start ---\r\nПодтвердить в WS\r\n--- From Manager End ---', 'APPROVED', 551, '2018-10-29'),
	(1271, 16.00, 'Подтвердить в WS', 'APPROVED', 142, '2018-10-29'),
	(1272, 2.00, '', 'APPROVED', 39, '2018-10-29'),
	(1273, 2.00, '', 'APPROVED', 531, '2018-10-29'),
	(1274, 3.00, '', 'APPROVED', 448, '2018-10-29'),
	(1275, 3.00, '', 'APPROVED', 87, '2018-10-29'),
	(1276, 11.00, '', 'APPROVED', 427, '2018-10-29'),
	(1278, 12.00, '', 'APPROVED', 40, '2018-11-01'),
	(1282, 16.00, '', 'APPROVED', 78, '2018-11-01'),
	(1284, 8.00, '', 'APPROVED', 522, '2018-11-01'),
	(1285, 8.00, '', 'APPROVED', 550, '2018-11-01'),
	(1286, 16.00, '', 'APPROVED', 542, '2018-11-01'),
	(1287, 12.00, '', 'APPROVED', 541, '2018-11-01'),
	(1288, 4.00, '\r\n--- From User Start ---\r\n0058.1-70-38C - MHP. Concept design proposal\r\n-- From User Start ---', 'APPROVED', 511, '2018-11-01'),
	(1289, 16.00, '', 'APPROVED', 71, '2018-11-01'),
	(1290, 16.00, '', 'APPROVED', 156, '2018-11-01'),
	(1291, 8.00, '', 'APPROVED', 70, '2018-11-01'),
	(1292, 4.00, '', 'APPROVED', 420, '2018-11-01'),
	(1293, 4.00, '\r\n--- From Manager Start ---\r\nПодтвердить в WS и предыдущие 24 часа\r\n--- From Manager End ---', 'APPROVED', 551, '2018-11-01'),
	(1294, 8.00, '', 'APPROVED', 209, '2018-11-01'),
	(1295, 2.00, '', 'APPROVED', 92, '2018-11-01'),
	(1296, 16.00, '', 'APPROVED', 339, '2018-11-01'),
	(1297, 3.00, '0056-70-70_MIRATORG. Oil Crashing Plant  - BD/DD calculation\r\n--- From User Start ---\r\nand 0059-10-48С_WSP_Opel Citroen\r\n-- From User Start ---', 'APPROVED', 46, '2018-11-01'),
	(1298, 8.00, '', 'APPROVED', 67, '2018-11-01'),
	(1299, 4.00, '', 'APPROVED', 143, '2018-11-01'),
	(1300, 2.00, 'Unit', 'APPROVED', 45, '2018-11-01'),
	(1301, 4.00, '', 'APPROVED', 481, '2018-11-01'),
	(1302, 12.00, '', 'DECLINED', 538, '2018-11-01'),
	(1303, 13.00, '', 'APPROVED', 57, '2018-11-01'),
	(1304, 2.00, '0056-70-70_MIRATORG. Oil Crashing Plant', 'APPROVED', 46, '2018-11-05'),
	(1305, 28.00, '', 'APPROVED', 418, '2018-11-05'),
	(1306, 10.00, 'site visit', 'APPROVED', 557, '2018-11-05'),
	(1307, 16.00, '', 'APPROVED', 457, '2018-11-01'),
	(1308, 12.00, '', 'APPROVED', 563, '2018-11-01'),
	(1309, 16.00, '', 'APPROVED', 289, '2018-11-01'),
	(1310, 16.00, '', 'APPROVED', 552, '2018-11-01'),
	(1311, 40.00, '', 'APPROVED', 552, '2018-11-05'),
	(1312, 16.00, '', 'APPROVED', 553, '2018-11-05'),
	(1313, 8.00, '', 'APPROVED', 396, '2018-11-05'),
	(1314, 8.00, '', 'APPROVED', 553, '2018-11-01'),
	(1315, 8.00, '', 'APPROVED', 396, '2018-11-01'),
	(1316, 40.00, '', 'APPROVED', 457, '2018-11-05'),
	(1317, 29.00, '', 'APPROVED', 339, '2018-11-05'),
	(1318, 2.00, '\r\n--- От Руководителя проекта ---\r\nОтсутствует информация в WS\r\n--- От Руководителя проекта ---', 'APPROVED', 142, '2018-11-05'),
	(1319, 4.00, '', 'APPROVED', 117, '2018-11-05'),
	(1320, 4.00, '', 'APPROVED', 550, '2018-11-05'),
	(1321, 16.00, '', 'APPROVED', 522, '2018-11-05'),
	(1322, 16.00, '', 'APPROVED', 386, '2018-11-05'),
	(1323, 1.00, '', 'APPROVED', 198, '2018-11-05'),
	(1324, 2.00, '', 'APPROVED', 414, '2018-11-05'),
	(1325, 8.00, '\r\n--- From User Start ---\r\nMeeting with client. Preparation of VR models for meeting.\r\n-- From User Start ---', 'APPROVED', 51, '2018-11-05'),
	(1326, 38.00, '', 'APPROVED', 289, '2018-11-05'),
	(1327, 16.00, '', 'APPROVED', 563, '2018-11-05'),
	(1328, 8.00, '', 'APPROVED', 481, '2018-11-05'),
	(1329, 16.00, '', 'DECLINED', 538, '2018-11-05'),
	(1330, 25.00, '', 'APPROVED', 395, '2018-11-05'),
	(1331, 8.00, '', 'APPROVED', 421, '2018-11-05'),
	(1332, 6.00, '', 'APPROVED', 534, '2018-11-05'),
	(1333, 19.00, '\r\n--- From Manager Start ---\r\nУказать название предложения\r\n--- From Manager End ---\r\n--- От Пользователя ---\r\n0062-90-38C_FAVEA_Pharma factory ASINO Kyiv - поездка на объект\r\n--- От Пользователя ---\r\n--- От Пользователя ---\r\n0063-20-48C_Focus Mall Zielona Góra Poland - подсчет часо, изучение чертежей (13ч), 0062-90-38C_FAVEA_Pharma factory ASINO Kyiv - поездка на объект(3ч)\r\n--- От Пользователя ---', 'APPROVED', 48, '2018-11-12'),
	(1334, 20.00, '', 'DECLINED', 388, '2018-11-12'),
	(1335, 8.00, '', 'APPROVED', 421, '2018-11-12'),
	(1336, 20.00, '', 'APPROVED', 388, '2018-11-05'),
	(1337, 2.00, '', 'APPROVED', 48, '2018-11-05'),
	(1338, 10.00, '', 'APPROVED', 83, '2018-11-05'),
	(1339, 20.00, '', 'APPROVED', 566, '2018-11-05'),
	(1340, 12.00, '\r\n--- От Руководителя проекта ---\r\nотсутствует информация в WS\r\n--- От Руководителя проекта ---', 'APPROVED', 551, '2018-11-05'),
	(1341, 8.00, '', 'APPROVED', 82, '2018-11-05'),
	(1342, 8.00, '', 'APPROVED', 156, '2018-11-05'),
	(1343, 4.00, '', 'APPROVED', 390, '2018-11-05'),
	(1344, 32.00, '', 'APPROVED', 209, '2018-11-05'),
	(1345, 8.00, '', 'APPROVED', 320, '2018-11-01'),
	(1346, 8.00, '', 'APPROVED', 178, '2018-11-01'),
	(1347, 8.00, '', 'APPROVED', 178, '2018-11-05'),
	(1348, 8.00, '', 'APPROVED', 320, '2018-11-05'),
	(1349, 8.00, '', 'APPROVED', 382, '2018-11-05'),
	(1350, 8.00, '', 'APPROVED', 491, '2018-11-05'),
	(1351, 8.00, '', 'APPROVED', 177, '2018-11-05'),
	(1352, 16.00, '', 'APPROVED', 555, '2018-11-05'),
	(1353, 24.00, 'WSP buisiness trip - 13-15.11.2018', 'APPROVED', 46, '2018-11-12'),
	(1354, 36.00, '', 'APPROVED', 541, '2018-11-05'),
	(1355, 2.00, '', 'APPROVED', 557, '2018-11-12'),
	(1356, 14.00, '', 'APPROVED', 418, '2018-11-12'),
	(1357, 1.00, '', 'APPROVED', 153, '2018-11-01'),
	(1358, 2.00, '', 'APPROVED', 39, '2018-11-01'),
	(1359, 4.00, 'MHP Concept Proposal discusion', 'APPROVED', 511, '2018-11-05'),
	(1360, 3.00, '', 'APPROVED', 448, '2018-11-01'),
	(1361, 4.00, '', 'APPROVED', 427, '2018-11-01'),
	(1362, 2.00, '', 'APPROVED', 531, '2018-11-01'),
	(1363, 1.00, '', 'APPROVED', 87, '2018-11-01'),
	(1364, 8.00, '', 'APPROVED', 87, '2018-11-05'),
	(1365, 4.00, '', 'APPROVED', 52, '2018-11-05'),
	(1366, 3.00, '', 'APPROVED', 52, '2018-11-01'),
	(1367, 2.00, '', 'APPROVED', 531, '2018-11-05'),
	(1368, 2.00, '', 'APPROVED', 448, '2018-11-05'),
	(1369, 16.00, '', 'APPROVED', 427, '2018-11-05'),
	(1370, 16.00, '', 'APPROVED', 564, '2018-11-05'),
	(1371, 28.00, '', 'APPROVED', 373, '2018-11-05'),
	(1372, 12.00, '', 'APPROVED', 168, '2018-11-05'),
	(1373, 40.00, '\r\n--- From Manager Start ---\r\n32 - Офіс 3Е\r\n--- From Manager End ---', 'APPROVED', 396, '2018-11-12'),
	(1374, 40.00, '', 'APPROVED', 78, '2018-11-05'),
	(1375, 8.00, '', 'APPROVED', 171, '2018-11-12'),
	(1376, 1.00, '', 'APPROVED', 391, '2018-11-12'),
	(1377, 22.00, '', 'APPROVED', 373, '2018-11-12'),
	(1378, 1.00, '', 'APPROVED', 424, '2018-11-12'),
	(1379, 40.00, '', 'APPROVED', 78, '2018-11-12'),
	(1380, 24.00, '', 'APPROVED', 522, '2018-11-12'),
	(1381, 16.00, '', 'APPROVED', 386, '2018-11-12'),
	(1382, 24.00, '', 'DECLINED', 567, '2018-11-12'),
	(1383, 12.00, '', 'APPROVED', 420, '2018-11-12'),
	(1384, 27.00, '', 'APPROVED', 566, '2018-11-12'),
	(1385, 1.00, '', 'APPROVED', 82, '2018-11-12'),
	(1386, 8.00, '', 'APPROVED', 168, '2018-11-12'),
	(1387, 13.00, '', 'APPROVED', 83, '2018-11-12'),
	(1388, 4.00, '', 'APPROVED', 198, '2018-11-12'),
	(1389, 34.00, '', 'APPROVED', 339, '2018-11-12'),
	(1390, 25.00, '', 'APPROVED', 534, '2018-11-12'),
	(1391, 2.00, 'Meetings', 'APPROVED', 142, '2018-11-12'),
	(1392, 32.00, '\r\n--- From User Start ---\r\nОфіс 3E\r\n-- From User Start ---', 'DECLINED', 568, '2018-11-12'),
	(1393, 18.00, '', 'APPROVED', 481, '2018-11-12'),
	(1394, 16.00, '', 'APPROVED', 480, '2018-11-12'),
	(1395, 6.00, '', 'DECLINED', 563, '2018-11-12'),
	(1396, 12.00, '', 'APPROVED', 143, '2018-11-05'),
	(1397, 5.00, '', 'APPROVED', 417, '2018-11-05'),
	(1398, 8.00, '', 'APPROVED', 565, '2018-11-05'),
	(1399, 8.00, '', 'APPROVED', 92, '2018-11-05'),
	(1400, 7.00, '\r\n--- От Пользователя ---\r\nПрезентация Фарма\r\n--- От Пользователя ---', 'APPROVED', 45, '2018-11-05'),
	(1401, 40.00, '', 'APPROVED', 457, '2018-11-12'),
	(1402, 10.00, '', 'APPROVED', 92, '2018-11-12'),
	(1403, 10.00, '', 'APPROVED', 143, '2018-11-12'),
	(1404, 8.00, '', 'APPROVED', 565, '2018-11-12'),
	(1405, 6.00, '', 'APPROVED', 45, '2018-11-12'),
	(1406, 6.00, '', 'APPROVED', 79, '2018-11-12'),
	(1407, 32.00, '', 'APPROVED', 209, '2018-11-12'),
	(1408, 6.00, '\r\n--- От Руководителя проекта ---\r\nне добрал 10 часов\r\n--- От Руководителя проекта ---', 'APPROVED', 564, '2018-11-12'),
	(1409, 8.00, '', 'APPROVED', 541, '2018-11-12'),
	(1410, 20.00, 'Proposal MHP Concept design', 'APPROVED', 511, '2018-11-12'),
	(1411, 12.00, '', 'APPROVED', 571, '2018-11-12'),
	(1412, 40.00, '', 'APPROVED', 289, '2018-11-12'),
	(1413, 32.00, '', 'APPROVED', 552, '2018-11-12'),
	(1414, 32.00, 'Офіси 3E(3 дні) і 3F(1 день)', 'DECLINED', 568, '2018-11-19'),
	(1415, 8.00, 'BIM семінар', 'APPROVED', 155, '2018-11-19'),
	(1416, 4.00, '', 'APPROVED', 420, '2018-11-19'),
	(1417, 36.00, '', 'APPROVED', 566, '2018-11-19'),
	(1418, 4.00, '', 'APPROVED', 198, '2018-11-19'),
	(1419, 40.00, '', 'APPROVED', 386, '2018-11-19'),
	(1420, 16.00, '', 'APPROVED', 425, '2018-11-19'),
	(1421, 6.00, 'Подготовка адженды для WSP. \nПодготовка материалов для статьи и ее публикация.', 'APPROVED', 86, '2018-11-19'),
	(1422, 14.00, '', 'APPROVED', 339, '2018-11-19'),
	(1423, 24.00, '', 'APPROVED', 390, '2018-11-12'),
	(1424, 32.00, 'Офіси\r\n--- From Manager Start ---\r\nОфіси 3E(3 дні) і 3F(1 день)\r\n--- From Manager End ---', 'APPROVED', 396, '2018-11-19'),
	(1425, 40.00, '', 'APPROVED', 209, '2018-11-19'),
	(1426, 12.00, '', 'APPROVED', 421, '2018-11-19'),
	(1427, 16.00, '', 'APPROVED', 525, '2018-11-19'),
	(1428, 4.00, '0068-90-70C_STEP_Pharmasyntes St.Petersburg - часы, изучение документации', 'APPROVED', 48, '2018-11-19'),
	(1429, 8.00, '', 'APPROVED', 83, '2018-11-19'),
	(1430, 32.00, '', 'APPROVED', 552, '2018-11-19'),
	(1431, 8.00, '', 'APPROVED', 500, '2018-11-19'),
	(1432, 36.00, '', 'APPROVED', 289, '2018-11-19'),
	(1433, 4.00, '', 'APPROVED', 516, '2018-11-19'),
	(1434, 40.00, '', 'APPROVED', 78, '2018-11-19'),
	(1435, 40.00, '', 'APPROVED', 78, '2018-11-26'),
	(1436, 40.00, '', 'APPROVED', 209, '2018-11-26'),
	(1437, 8.00, '', 'APPROVED', 382, '2018-11-12'),
	(1438, 8.00, '', 'APPROVED', 382, '2018-11-19'),
	(1439, 4.00, '', 'APPROVED', 491, '2018-11-12'),
	(1440, 4.00, '', 'APPROVED', 491, '2018-11-19'),
	(1441, 8.00, '', 'APPROVED', 178, '2018-11-12'),
	(1442, 8.00, '', 'APPROVED', 178, '2018-11-19'),
	(1443, 8.00, '', 'APPROVED', 176, '2018-11-12'),
	(1444, 8.00, '', 'APPROVED', 176, '2018-11-19'),
	(1445, 12.00, '', 'APPROVED', 177, '2018-11-12'),
	(1446, 12.00, '', 'APPROVED', 177, '2018-11-19'),
	(1447, 18.00, '', 'APPROVED', 390, '2018-11-19'),
	(1448, 6.00, '', 'APPROVED', 122, '2018-11-19'),
	(1449, 6.00, '', 'APPROVED', 571, '2018-11-19'),
	(1450, 34.00, '28 hours - proposal 0058 MHP_Concept design\n\n3 hours - proposal 0066 MHP_preliminary hazardous areas identification\n\n3 hours - proposal 0067 CRH', 'APPROVED', 511, '2018-11-19'),
	(1451, 15.00, '', 'APPROVED', 480, '2018-11-19'),
	(1452, 17.00, '', 'APPROVED', 564, '2018-11-19'),
	(1453, 8.00, '', 'APPROVED', 481, '2018-11-19'),
	(1454, 4.00, '', 'APPROVED', 391, '2018-11-19'),
	(1455, 36.00, '', 'APPROVED', 168, '2018-11-19'),
	(1456, 4.00, '0068-90-70C_STEP_Pharmasyntes St.Petersburg', 'APPROVED', 17, '2018-11-26'),
	(1457, 40.00, '', 'APPROVED', 457, '2018-11-19'),
	(1458, 40.00, 'Офіс 3F(1,5 день)\r\n--- From User Start ---\r\n3A(3,5 дня)\r\n-- From User Start ---', 'APPROVED', 396, '2018-11-26'),
	(1459, 4.00, '', 'APPROVED', 386, '2018-11-26'),
	(1460, 32.00, '', 'APPROVED', 522, '2018-11-26'),
	(1461, 40.00, '', 'APPROVED', 457, '2018-11-26'),
	(1462, 24.00, '', 'APPROVED', 536, '2018-11-26'),
	(1463, 6.00, '', 'APPROVED', 198, '2018-11-26'),
	(1464, 30.00, '', 'APPROVED', 534, '2018-11-19'),
	(1465, 16.00, '', 'APPROVED', 552, '2018-11-26'),
	(1466, 30.00, '', 'APPROVED', 534, '2018-11-26'),
	(1467, 4.00, '0068-90-70C_STEP_Pharmasyntes St.Petersburg', 'APPROVED', 51, '2018-11-26'),
	(1468, 26.00, '', 'APPROVED', 425, '2018-11-26'),
	(1469, 4.00, '', 'APPROVED', 339, '2018-11-26'),
	(1470, 6.00, '', 'APPROVED', 480, '2018-11-26'),
	(1471, 16.00, '', 'APPROVED', 481, '2018-11-26'),
	(1472, 18.00, '', 'APPROVED', 564, '2018-11-26'),
	(1473, 30.00, '', 'APPROVED', 566, '2018-11-26'),
	(1474, 2.00, '', 'APPROVED', 82, '2018-11-26'),
	(1475, 8.00, '', 'APPROVED', 71, '2018-11-26'),
	(1476, 10.00, '', 'APPROVED', 421, '2018-11-26'),
	(1477, 10.00, '', 'APPROVED', 83, '2018-11-26'),
	(1478, 12.00, '', 'APPROVED', 525, '2018-11-26'),
	(1479, 8.00, '', 'APPROVED', 551, '2018-11-26'),
	(1480, 8.00, 'STEP', 'APPROVED', 46, '2018-11-26'),
	(1481, 8.00, 'Opel', 'APPROVED', 46, '2018-11-19'),
	(1482, 11.00, 'Penalty trip', 'APPROVED', 174, '2018-11-19'),
	(1483, 21.00, '', 'APPROVED', 418, '2018-11-19'),
	(1484, 32.00, '', 'APPROVED', 418, '2018-11-26'),
	(1485, 4.00, '', 'APPROVED', 491, '2018-11-26'),
	(1486, 8.00, '', 'APPROVED', 178, '2018-11-26'),
	(1487, 8.00, '', 'APPROVED', 382, '2018-11-26'),
	(1488, 20.00, '', 'APPROVED', 177, '2018-11-26'),
	(1489, 4.00, '', 'APPROVED', 516, '2018-11-26'),
	(1490, 6.00, '', 'APPROVED', 381, '2018-11-26'),
	(1491, 30.00, '', 'APPROVED', 289, '2018-11-26'),
	(1492, 8.00, '', 'APPROVED', 565, '2018-11-19'),
	(1493, 12.00, 'saga DEVELOMENT', 'APPROVED', 45, '2018-11-19'),
	(1494, 2.00, '', 'APPROVED', 92, '2018-11-19'),
	(1495, 8.00, '', 'APPROVED', 143, '2018-11-19'),
	(1496, 4.00, 'mEETINGS AND WEBINARS', 'APPROVED', 79, '2018-11-19'),
	(1497, 8.00, '', 'APPROVED', 143, '2018-11-26'),
	(1498, 6.00, '', 'APPROVED', 572, '2018-11-19'),
	(1499, 6.00, '', 'APPROVED', 565, '2018-11-26'),
	(1500, 12.00, '', 'APPROVED', 572, '2018-11-26'),
	(1501, 10.00, '', 'APPROVED', 92, '2018-11-26'),
	(1502, 4.00, 'Meetings', 'APPROVED', 79, '2018-11-26'),
	(1503, 8.00, '', 'APPROVED', 391, '2018-11-26'),
	(1504, 4.00, '', 'APPROVED', 528, '2018-11-26'),
	(1505, 28.00, '', 'APPROVED', 168, '2018-11-26'),
	(1506, 8.00, '', 'APPROVED', 511, '2018-11-26'),
	(1507, 32.00, '', 'DECLINED', 569, '2018-11-26'),
	(1508, 20.00, '', 'APPROVED', 390, '2018-11-26'),
	(1509, 2.00, '', 'APPROVED', 151, '2018-11-26'),
	(1510, 2.00, '', 'APPROVED', 122, '2018-11-26'),
	(1511, 26.00, '', 'APPROVED', 545, '2018-11-05'),
	(1512, 10.00, '', 'APPROVED', 574, '2018-11-05'),
	(1513, 30.00, '', 'APPROVED', 545, '2018-11-12'),
	(1514, 10.00, '', 'APPROVED', 574, '2018-11-12'),
	(1515, 30.00, '', 'APPROVED', 574, '2018-11-19'),
	(1516, 10.00, '', 'APPROVED', 545, '2018-11-19'),
	(1517, 5.00, '', 'APPROVED', 545, '2018-11-26'),
	(1518, 35.00, '', 'APPROVED', 574, '2018-11-26'),
	(1519, 28.00, '', 'APPROVED', 571, '2018-11-26'),
	(1520, 4.00, '', 'APPROVED', 513, '2018-11-26'),
	(1521, 4.00, '', 'EDITABLE', 547, '2018-11-05'),
	(1522, 16.00, '', 'APPROVED', 52, '2018-11-19'),
	(1523, 1.00, '', 'APPROVED', 52, '2018-11-26'),
	(1524, 19.00, 'Business development', 'APPROVED', 87, '2018-11-26'),
	(1525, 8.00, '', 'APPROVED', 153, '2018-11-19'),
	(1526, 2.00, '', 'APPROVED', 39, '2018-11-12'),
	(1527, 2.00, '', 'APPROVED', 39, '2018-11-19'),
	(1528, 2.00, '', 'APPROVED', 39, '2018-11-26'),
	(1529, 2.00, '', 'APPROVED', 531, '2018-11-12'),
	(1530, 3.00, '', 'APPROVED', 531, '2018-11-19'),
	(1531, 2.00, '', 'APPROVED', 531, '2018-11-26'),
	(1532, 3.00, '', 'APPROVED', 87, '2018-11-12'),
	(1533, 3.00, '', 'APPROVED', 87, '2018-11-19'),
	(1534, 1.00, '', 'APPROVED', 448, '2018-11-19'),
	(1535, 2.00, '', 'APPROVED', 448, '2018-11-26'),
	(1536, 3.00, '', 'APPROVED', 448, '2018-11-12'),
	(1537, 8.00, '3А', 'APPROVED', 568, '2018-12-03'),
	(1538, 8.00, '', 'APPROVED', 539, '2018-12-03'),
	(1539, 24.00, '', 'APPROVED', 77, '2018-12-03'),
	(1540, 6.00, '', 'APPROVED', 52, '2018-11-12'),
	(1541, 14.00, '', 'APPROVED', 427, '2018-11-26'),
	(1542, 7.00, '', 'APPROVED', 427, '2018-11-19'),
	(1543, 24.00, '', 'APPROVED', 427, '2018-11-12'),
	(1544, 8.00, '', 'APPROVED', 382, '2018-12-03'),
	(1545, 26.00, '', 'APPROVED', 177, '2018-12-03'),
	(1546, 40.00, '', 'APPROVED', 289, '2018-12-03'),
	(1547, 6.00, '', 'APPROVED', 576, '2018-12-03'),
	(1548, 8.00, '', 'APPROVED', 59, '2018-12-03'),
	(1549, 10.00, '1.0069-70-70C_FtutoNyanya - 6ч, комментарии к вариантам планировок\n2.0062-90-38C_FAVEA_Pharma factory ASINO Kyiv - 4ч - встреча с заказчиком', 'APPROVED', 48, '2018-12-03'),
	(1550, 18.00, '', 'APPROVED', 525, '2018-12-03'),
	(1551, 4.00, '', 'APPROVED', 83, '2018-12-03'),
	(1552, 8.00, '', 'APPROVED', 551, '2018-12-03'),
	(1553, 4.00, '', 'APPROVED', 420, '2018-12-03'),
	(1554, 24.00, '', 'APPROVED', 524, '2018-12-03'),
	(1555, 4.00, '', 'APPROVED', 566, '2018-12-03'),
	(1556, 8.00, 'MIRATORG Kitchen', 'APPROVED', 50, '2018-12-03'),
	(1557, 1.00, 'Cheking drawings', 'APPROVED', 527, '2018-12-03'),
	(1558, 1.00, '', 'APPROVED', 151, '2018-12-03'),
	(1559, 30.00, '', 'APPROVED', 567, '2018-12-03'),
	(1560, 32.00, '', 'APPROVED', 481, '2018-12-03'),
	(1561, 8.00, '', 'APPROVED', 480, '2018-12-03'),
	(1562, 26.00, '\r\n--- From User Start ---\r\n14-Business trip to Warsaw\r\n-- From User Start ---\r\n--- From User Start ---\r\n12 - MIRATORG_Kitchen\r\n-- From User Start ---', 'APPROVED', 51, '2018-12-03'),
	(1563, 4.00, '', 'APPROVED', 339, '2018-12-03'),
	(1564, 4.00, '', 'APPROVED', 198, '2018-12-03'),
	(1565, 6.00, '', 'APPROVED', 425, '2018-12-03'),
	(1566, 4.00, 'Подготовка моделей для выгрузки в BIM360', 'APPROVED', 356, '2018-12-03'),
	(1567, 16.00, 'Командировка', 'APPROVED', 92, '2018-12-03'),
	(1568, 8.00, 'Подготовка координационной модели', 'APPROVED', 357, '2018-12-03'),
	(1569, 4.00, 'Координация моделей', 'APPROVED', 417, '2018-12-03'),
	(1570, 4.00, '', 'APPROVED', 565, '2018-12-03'),
	(1571, 2.00, 'Митинги', 'APPROVED', 79, '2018-12-03'),
	(1572, 2.00, 'Тренинг', 'APPROVED', 572, '2018-12-03'),
	(1573, 40.00, '', 'APPROVED', 522, '2018-12-03'),
	(1574, 8.00, '', 'APPROVED', 457, '2018-12-03'),
	(1575, 16.00, '', 'APPROVED', 465, '2018-12-03'),
	(1576, 8.00, '', 'APPROVED', 543, '2018-12-03'),
	(1577, 16.00, '', 'APPROVED', 483, '2018-12-03'),
	(1578, 16.00, '', 'APPROVED', 500, '2018-12-03'),
	(1579, 16.00, '', 'APPROVED', 472, '2018-12-03'),
	(1580, 32.00, '', 'APPROVED', 209, '2018-12-03'),
	(1581, 40.00, '', 'APPROVED', 209, '2018-12-10'),
	(1582, 4.00, 'General Layout coordination', 'APPROVED', 197, '2018-12-03'),
	(1583, 36.00, 'design coordination', 'APPROVED', 418, '2018-12-03'),
	(1584, 11.00, '', 'APPROVED', 541, '2018-12-03'),
	(1585, 20.00, '', 'APPROVED', 513, '2018-12-03'),
	(1586, 4.00, '', 'APPROVED', 577, '2018-12-03'),
	(1587, 5.00, '', 'APPROVED', 571, '2018-12-03'),
	(1588, 36.00, '', 'APPROVED', 168, '2018-12-03'),
	(1589, 4.00, '', 'APPROVED', 391, '2018-12-03'),
	(1590, 40.00, '', 'APPROVED', 78, '2018-12-03'),
	(1591, 40.00, '', 'APPROVED', 78, '2018-12-10'),
	(1592, 40.00, '', 'APPROVED', 66, '2018-12-17'),
	(1593, 4.00, '', 'APPROVED', 531, '2018-12-03'),
	(1594, 10.00, '', 'APPROVED', 427, '2018-12-03'),
	(1595, 8.00, '', 'APPROVED', 448, '2018-12-03'),
	(1596, 8.00, '', 'APPROVED', 52, '2018-12-03'),
	(1597, 12.00, '', 'APPROVED', 534, '2018-12-03'),
	(1598, 18.00, '', 'APPROVED', 53, '2018-12-03'),
	(1599, 28.00, '3A', 'APPROVED', 568, '2018-12-10'),
	(1600, 12.00, '', 'APPROVED', 555, '2018-12-10'),
	(1601, 36.00, '', 'APPROVED', 168, '2018-12-10'),
	(1602, 4.00, '', 'APPROVED', 213, '2018-12-10'),
	(1603, 16.00, '', 'APPROVED', 524, '2018-12-10'),
	(1604, 8.00, '', 'APPROVED', 420, '2018-12-10'),
	(1605, 16.00, '', 'APPROVED', 82, '2018-12-10'),
	(1606, 11.00, '', 'APPROVED', 421, '2018-12-10'),
	(1607, 2.00, '', 'APPROVED', 59, '2018-12-10'),
	(1608, 30.00, 'пояснительная записка КР1 "Объемно-планировочные решения"\r\n--- From User Start ---\r\nузлы, детали\r\n-- From User Start ---', 'APPROVED', 534, '2018-12-10'),
	(1609, 16.00, '', 'APPROVED', 525, '2018-12-10'),
	(1610, 11.00, '', 'APPROVED', 83, '2018-12-10'),
	(1611, 8.00, '', 'APPROVED', 543, '2018-12-10'),
	(1612, 32.00, '', 'APPROVED', 500, '2018-12-10'),
	(1613, 40.00, '', 'APPROVED', 522, '2018-12-10'),
	(1614, 12.00, '', 'APPROVED', 425, '2018-12-10'),
	(1615, 2.00, '', 'APPROVED', 339, '2018-12-10'),
	(1616, 4.00, '', 'APPROVED', 198, '2018-12-10'),
	(1617, 16.00, '', 'APPROVED', 529, '2018-12-10'),
	(1618, 6.00, '', 'APPROVED', 392, '2018-12-10'),
	(1619, 8.00, '', 'APPROVED', 92, '2018-12-10'),
	(1620, 2.00, '', 'APPROVED', 357, '2018-12-10'),
	(1621, 2.00, '', 'APPROVED', 417, '2018-12-10'),
	(1622, 5.00, '', 'APPROVED', 565, '2018-12-10'),
	(1623, 4.00, '', 'APPROVED', 572, '2018-12-10'),
	(1624, 2.00, '', 'APPROVED', 356, '2018-12-10'),
	(1625, 4.00, '', 'APPROVED', 79, '2018-12-10'),
	(1626, 13.00, '\r\n--- От Пользователя ---\r\nSaga Development\r\n--- От Пользователя ---', 'APPROVED', 45, '2018-12-10'),
	(1627, 2.00, '', 'APPROVED', 151, '2018-12-10'),
	(1628, 8.00, '', 'DECLINED', 156, '2018-12-17'),
	(1629, 8.00, '', 'APPROVED', 156, '2018-12-10'),
	(1630, 30.00, '', 'APPROVED', 567, '2018-12-10'),
	(1631, 8.00, 'client comments coordination', 'APPROVED', 197, '2018-12-10'),
	(1632, 26.00, '', 'APPROVED', 418, '2018-12-10'),
	(1633, 6.00, '', 'APPROVED', 558, '2018-12-10'),
	(1634, 8.00, '', 'APPROVED', 506, '2018-12-10'),
	(1635, 8.00, '', 'APPROVED', 513, '2018-12-10'),
	(1636, 24.00, '12 - CRH\r\n--- From User Start ---\r\n12- SAGA\r\n-- From User Start ---', 'APPROVED', 511, '2018-12-10'),
	(1637, 20.00, '3A(8год)\r\n--- From User Start ---\r\n3E(12год)\r\n-- From User Start ---', 'APPROVED', 568, '2018-12-17'),
	(1638, 10.00, '', 'APPROVED', 59, '2018-12-17'),
	(1639, 4.00, '', 'APPROVED', 414, '2018-12-10'),
	(1640, 6.00, '', 'APPROVED', 381, '2018-12-10'),
	(1641, 30.00, '', 'APPROVED', 289, '2018-12-10'),
	(1642, 8.00, '', 'APPROVED', 382, '2018-12-10'),
	(1643, 8.00, '', 'APPROVED', 491, '2018-12-10'),
	(1644, 24.00, '', 'APPROVED', 177, '2018-12-10'),
	(1645, 3.00, '', 'APPROVED', 506, '2018-12-17'),
	(1646, 5.00, 'CRH', 'APPROVED', 511, '2018-12-17'),
	(1647, 32.00, '', 'APPROVED', 514, '2018-12-17'),
	(1648, 40.00, '', 'APPROVED', 209, '2018-12-17'),
	(1649, 20.00, '', 'APPROVED', 555, '2018-12-17'),
	(1650, 1.00, '3E', 'DECLINED', 568, '2018-12-24'),
	(1651, 32.00, '', 'APPROVED', 77, '2018-12-24'),
	(1652, 16.00, '', 'APPROVED', 420, '2018-12-17'),
	(1653, 24.00, '', 'APPROVED', 82, '2018-12-17'),
	(1654, 39.00, '', 'APPROVED', 567, '2018-12-17'),
	(1655, 32.00, '', 'APPROVED', 567, '2018-12-24'),
	(1656, 32.00, '', 'APPROVED', 465, '2018-12-10'),
	(1657, 8.00, '', 'APPROVED', 457, '2018-12-10'),
	(1658, 16.00, '', 'APPROVED', 457, '2018-12-17'),
	(1659, 32.00, '', 'APPROVED', 78, '2018-12-24'),
	(1660, 8.00, '', 'APPROVED', 78, '2018-12-31'),
	(1661, 32.00, '', 'APPROVED', 209, '2018-12-24'),
	(1662, 8.00, '', 'APPROVED', 209, '2018-12-31'),
	(1663, 6.00, '', 'APPROVED', 197, '2018-12-17'),
	(1664, 34.00, '', 'APPROVED', 418, '2018-12-17'),
	(1665, 16.00, '', 'APPROVED', 51, '2018-12-17'),
	(1666, 8.00, '', 'APPROVED', 418, '2018-12-31'),
	(1667, 4.00, '', 'APPROVED', 513, '2018-12-31'),
	(1668, 6.00, '', 'APPROVED', 339, '2018-12-17'),
	(1669, 2.00, '', 'APPROVED', 197, '2018-12-24'),
	(1670, 30.00, '', 'APPROVED', 418, '2018-12-24'),
	(1671, 24.00, '', 'APPROVED', 584, '2018-12-24'),
	(1672, 2.00, '', 'APPROVED', 506, '2018-12-24'),
	(1673, 6.00, '', 'APPROVED', 571, '2018-12-24'),
	(1674, 14.00, '', 'APPROVED', 425, '2018-12-17'),
	(1675, 4.00, '', 'APPROVED', 529, '2018-12-17'),
	(1676, 32.00, '', 'DECLINED', 51, '2018-12-24'),
	(1677, 8.00, '', 'DECLINED', 51, '2018-12-31'),
	(1678, 32.00, '', 'APPROVED', 600, '2018-12-24'),
	(1679, 8.00, '', 'APPROVED', 600, '2018-12-31'),
	(1680, 4.00, '', 'APPROVED', 599, '2018-12-17'),
	(1681, 4.00, '', 'APPROVED', 391, '2018-12-17'),
	(1682, 16.00, '', 'APPROVED', 171, '2018-12-17'),
	(1683, 16.00, '', 'APPROVED', 168, '2018-12-17'),
	(1684, 4.00, '', 'APPROVED', 414, '2018-12-17'),
	(1685, 6.00, '', 'APPROVED', 516, '2018-12-17'),
	(1686, 30.00, '', 'APPROVED', 289, '2018-12-17'),
	(1687, 32.00, '', 'APPROVED', 289, '2018-12-24'),
	(1688, 8.00, '', 'APPROVED', 289, '2018-12-31'),
	(1689, 2.00, '', 'APPROVED', 588, '2018-12-17'),
	(1690, 16.00, '', 'APPROVED', 595, '2018-12-17'),
	(1691, 6.00, '', 'APPROVED', 382, '2018-12-17'),
	(1692, 16.00, '', 'APPROVED', 177, '2018-12-17'),
	(1693, 40.00, '', 'DECLINED', 3, '2018-12-17'),
	(1694, 32.00, '', 'DECLINED', 3, '2018-12-24'),
	(1695, 8.00, '', 'DECLINED', 3, '2018-12-31'),
	(1696, 4.00, '', 'DECLINED', 80, '2018-12-17'),
	(1697, 16.00, '', 'APPROVED', 599, '2018-12-24'),
	(1698, 8.00, '', 'APPROVED', 168, '2018-12-24'),
	(1699, 8.00, '', 'DECLINED', 213, '2018-12-24'),
	(1700, 8.00, '', 'APPROVED', 391, '2018-12-24'),
	(1701, 8.00, '', 'APPROVED', 599, '2018-12-31'),
	(1702, 5.00, '', 'APPROVED', 590, '2018-12-17'),
	(1703, 8.00, '', 'APPROVED', 567, '2018-12-31'),
	(1704, 19.00, '', 'APPROVED', 471, '2018-12-17'),
	(1705, 40.00, '\r\n--- From User Start ---\r\nРД для кабельной стойки\r\n-- From User Start ---', 'APPROVED', 605, '2018-12-17'),
	(1706, 16.00, '\r\n--- From User Start ---\r\nРД для кабельной стойки\r\n-- From User Start ---', 'APPROVED', 605, '2018-12-24'),
	(1707, 8.00, '\r\n--- From User Start ---\r\nИзучение материалов и оценивание обьема работ для РД стяжек полов\r\n-- From User Start ---', 'APPROVED', 605, '2018-12-31'),
	(1708, 32.00, '', 'APPROVED', 481, '2018-12-10'),
	(1709, 8.00, '', 'APPROVED', 538, '2018-12-10'),
	(1710, 36.00, '', 'APPROVED', 481, '2018-12-17'),
	(1711, 18.00, '', 'APPROVED', 534, '2018-12-17'),
	(1712, 2.00, '', 'APPROVED', 480, '2018-12-17'),
	(1713, 4.00, '', 'APPROVED', 154, '2018-12-17'),
	(1714, 2.00, '', 'APPROVED', 564, '2018-12-17'),
	(1715, 8.00, '', 'APPROVED', 88, '2018-12-17'),
	(1716, 22.00, '', 'APPROVED', 481, '2018-12-24'),
	(1717, 12.00, '', 'APPROVED', 534, '2018-12-24'),
	(1718, 6.00, '', 'APPROVED', 154, '2018-12-24'),
	(1719, 6.00, '', 'APPROVED', 154, '2018-12-31'),
	(1720, 18.00, '', 'APPROVED', 545, '2018-12-03'),
	(1721, 8.00, '', 'APPROVED', 574, '2018-12-03'),
	(1722, 16.00, '', 'APPROVED', 574, '2018-12-10'),
	(1723, 16.00, '', 'DECLINED', 574, '2018-12-17'),
	(1724, 16.00, '', 'DECLINED', 574, '2018-12-24'),
	(1725, 4.00, '', 'APPROVED', 574, '2018-12-31'),
	(1726, 8.00, '', 'DECLINED', 608, '2018-12-03'),
	(1727, 16.00, '', 'DECLINED', 608, '2018-12-17'),
	(1728, 16.00, '', 'DECLINED', 608, '2018-12-24'),
	(1729, 4.00, '', 'DECLINED', 608, '2018-12-31'),
	(1730, 6.00, '', 'APPROVED', 582, '2018-12-03'),
	(1731, 8.00, '', 'APPROVED', 582, '2018-12-17'),
	(1732, 8.00, '', 'APPROVED', 77, '2018-12-31'),
	(1733, 8.00, '', 'APPROVED', 82, '2018-12-31'),
	(1734, 24.00, '', 'APPROVED', 420, '2018-12-24'),
	(1735, 8.00, '', 'APPROVED', 82, '2018-12-24'),
	(1736, 8.00, '', 'APPROVED', 83, '2018-12-31'),
	(1737, 8.00, '', 'APPROVED', 525, '2018-12-24'),
	(1738, 24.00, '', 'APPROVED', 83, '2018-12-24'),
	(1739, 3.00, '', 'APPROVED', 87, '2018-12-24'),
	(1740, 1.00, '', 'APPROVED', 87, '2018-12-31'),
	(1741, 6.00, '', 'APPROVED', 87, '2018-12-03'),
	(1742, 6.00, '', 'APPROVED', 87, '2018-12-10'),
	(1743, 30.00, '', 'APPROVED', 83, '2018-12-17'),
	(1744, 4.00, '', 'APPROVED', 87, '2018-12-17'),
	(1745, 32.00, '', 'APPROVED', 595, '2018-12-24'),
	(1746, 8.00, '', 'APPROVED', 595, '2018-12-31'),
	(1747, 32.00, '', 'APPROVED', 591, '2018-12-24'),
	(1748, 8.00, '', 'APPROVED', 591, '2018-12-31'),
	(1749, 32.00, '', 'APPROVED', 591, '2018-12-17'),
	(1750, 4.00, '', 'APPROVED', 536, '2018-12-17'),
	(1751, 4.00, '', 'APPROVED', 485, '2018-12-17'),
	(1752, 4.00, '\r\n--- From Manager Start ---\r\nWO#4\r\n--- From Manager End ---', 'DECLINED', 606, '2018-12-03'),
	(1753, 7.00, '', 'APPROVED', 357, '2018-12-17'),
	(1754, 12.00, '', 'APPROVED', 565, '2018-12-17'),
	(1755, 3.00, '', 'APPROVED', 572, '2018-12-17'),
	(1756, 4.00, 'saga', 'APPROVED', 45, '2018-12-17'),
	(1757, 6.00, 'Meetings', 'APPROVED', 79, '2018-12-17'),
	(1758, 8.00, '', 'APPROVED', 92, '2018-12-17'),
	(1759, 6.00, '', 'APPROVED', 480, '2018-12-24'),
	(1760, 4.00, '', 'APPROVED', 564, '2018-12-24'),
	(1761, 8.00, '', 'APPROVED', 481, '2018-12-31'),
	(1762, 8.00, 'Обучение сотрудников', 'APPROVED', 143, '2018-12-24'),
	(1763, 8.00, '', 'APPROVED', 357, '2018-12-24'),
	(1764, 6.00, 'Кикофф митинг Сага + подготовка', 'APPROVED', 45, '2018-12-24'),
	(1765, 4.00, '', 'APPROVED', 92, '2018-12-24'),
	(1766, 4.00, '', 'APPROVED', 565, '2018-12-24'),
	(1767, 2.00, '', 'APPROVED', 79, '2018-12-24'),
	(1768, 4.00, '', 'APPROVED', 92, '2018-12-31'),
	(1769, 4.00, '', 'APPROVED', 565, '2018-12-31'),
	(1770, 32.00, '', 'APPROVED', 590, '2018-12-24'),
	(1771, 8.00, '', 'APPROVED', 590, '2018-12-31'),
	(1772, 8.00, '', 'APPROVED', 52, '2018-12-10'),
	(1773, 8.00, '', 'APPROVED', 427, '2018-12-10'),
	(1774, 6.00, '', 'APPROVED', 448, '2018-12-10'),
	(1775, 3.00, '', 'APPROVED', 531, '2018-12-10'),
	(1776, 10.00, '', 'APPROVED', 52, '2018-12-17'),
	(1777, 4.00, '', 'APPROVED', 448, '2018-12-17'),
	(1778, 16.00, '\r\n--- From Manager Start ---\r\n10 - WO#3\r\n--- From Manager End ---\r\n--- From Manager Start ---\r\n6 - WO#4\r\n--- From Manager End ---', 'DECLINED', 606, '2018-12-17'),
	(1779, 9.00, '\r\n--- From Manager Start ---\r\nWO#4\r\n--- From Manager End ---', 'DECLINED', 606, '2018-12-10'),
	(1780, 10.00, '', 'APPROVED', 52, '2018-12-24'),
	(1781, 8.00, '\r\n--- From Manager Start ---\r\nWO#3\r\n--- From Manager End ---', 'DECLINED', 606, '2018-12-24'),
	(1782, 2.00, '', 'APPROVED', 531, '2018-12-17'),
	(1783, 4.00, '4', 'APPROVED', 427, '2018-12-17'),
	(1784, 5.00, '', 'APPROVED', 427, '2018-12-24'),
	(1785, 3.00, '', 'APPROVED', 531, '2018-12-24'),
	(1786, 3.00, '', 'APPROVED', 448, '2018-12-24'),
	(1787, 2.00, '', 'APPROVED', 52, '2018-12-31'),
	(1788, 2.00, '', 'APPROVED', 448, '2018-12-31'),
	(1789, 2.00, '', 'APPROVED', 427, '2018-12-31'),
	(1790, 1.00, '\r\n--- From Manager Start ---\r\nWO#3\r\n--- From Manager End ---', 'DECLINED', 606, '2018-12-31'),
	(1791, 32.00, '', 'APPROVED', 209, '2019-01-07'),
	(1792, 40.00, '', 'APPROVED', 209, '2019-01-14'),
	(1793, 24.00, '', 'APPROVED', 481, '2019-01-07'),
	(1794, 3.00, '', 'APPROVED', 564, '2019-01-07'),
	(1795, 24.00, '', 'DECLINED', 68, '2019-01-07'),
	(1796, 5.00, '', 'APPROVED', 601, '2019-01-07'),
	(1797, 4.00, '', 'APPROVED', 604, '2019-01-07'),
	(1798, 20.00, '', 'APPROVED', 584, '2019-01-07'),
	(1799, 32.00, '\r\n--- From Manager Start ---\r\n3e\r\n--- From Manager End ---', 'APPROVED', 568, '2019-01-07'),
	(1800, 2.00, 'KIDEAL2.\nПроверка и выдача технического задания для проектирования дымовых труб', 'DECLINED', 50, '2019-01-07'),
	(1801, 4.00, '0006.0-70-38P. AGROCity.\nСоставление итогового Отчета по окончанию проекта на основании отзыва (оценки) Заказчика', 'DECLINED', 122, '2019-01-07'),
	(1802, 4.00, '\r\n--- From Manager Start ---\r\nRevit Time\r\n--- From Manager End ---', 'APPROVED', 151, '2019-01-07'),
	(1803, 12.00, '', 'APPROVED', 567, '2019-01-07'),
	(1804, 24.00, '', 'APPROVED', 590, '2019-01-07'),
	(1805, 18.00, '', 'APPROVED', 599, '2019-01-07'),
	(1806, 4.00, '', 'APPROVED', 391, '2019-01-07'),
	(1807, 24.00, '', 'APPROVED', 591, '2019-01-07'),
	(1808, 16.00, '\r\n--- From User Start ---\r\nРД холодильник\r\n-- From User Start ---', 'APPROVED', 522, '2018-12-24'),
	(1809, 8.00, '', 'DECLINED', 607, '2018-12-03'),
	(1810, 16.00, '', 'DECLINED', 607, '2018-12-17'),
	(1811, 16.00, '', 'DECLINED', 607, '2018-12-24'),
	(1812, 4.00, '', 'DECLINED', 607, '2018-12-31'),
	(1813, 24.00, '', 'DECLINED', 272, '2019-01-07'),
	(1814, 24.00, '', 'APPROVED', 154, '2019-01-07'),
	(1815, 12.00, '', 'APPROVED', 154, '2019-01-14'),
	(1816, 8.00, '', 'DECLINED', 607, '2019-01-07'),
	(1817, 4.00, '', 'DECLINED', 391, '2019-01-14'),
	(1818, 8.00, '', 'DECLINED', 528, '2019-01-14'),
	(1819, 18.00, '', 'DECLINED', 599, '2019-01-14'),
	(1820, 2.00, '', 'DECLINED', 373, '2019-01-14'),
	(1821, 32.00, '', 'APPROVED', 78, '2019-01-07'),
	(1822, 40.00, '', 'APPROVED', 78, '2019-01-14'),
	(1823, 24.00, '2018', 'APPROVED', 67, '2019-01-07'),
	(1824, 24.00, '', 'DECLINED', 67, '2019-01-14'),
	(1825, 2.00, 'Собрание', 'DECLINED', 32, '2019-01-14'),
	(1826, 6.00, 'Auchan', 'DECLINED', 45, '2019-01-14'),
	(1827, 24.00, '', 'APPROVED', 590, '2019-01-14'),
	(1828, 16.00, 'РД и снятие замечаний', 'DECLINED', 522, '2019-01-14'),
	(1829, 16.00, 'Разработка семейства закладных деталей для жб елементов', 'DECLINED', 570, '2019-01-14'),
	(1830, 32.00, '', 'APPROVED', 71, '2019-01-07'),
	(1831, 32.00, '', 'DECLINED', 71, '2019-01-14'),
	(1832, 4.00, 'Revit Time', 'DECLINED', 151, '2019-01-14'),
	(1833, 24.00, '', 'DECLINED', 591, '2019-01-14'),
	(1834, 32.00, '', 'APPROVED', 602, '2019-01-14'),
	(1835, 8.00, '', 'APPROVED', 457, '2019-01-14'),
	(1836, 32.00, '', 'APPROVED', 600, '2019-01-07'),
	(1837, 40.00, '', 'APPROVED', 600, '2019-01-14'),
	(1838, 16.00, '', 'APPROVED', 289, '2019-01-14'),
	(1839, 32.00, '', 'APPROVED', 610, '2019-01-07'),
	(1840, 40.00, '', 'APPROVED', 610, '2019-01-14'),
	(1841, 8.00, '', 'DECLINED', 610, '2018-12-31'),
	(1842, 12.00, '', 'DECLINED', 567, '2019-01-14'),
	(1843, 4.00, '\r\n--- From Manager Start ---\r\n3e\r\n--- From Manager End ---', 'APPROVED', 568, '2019-01-14'),
	(1844, 20.00, '', 'DECLINED', 607, '2019-01-14'),
	(1845, 4.00, '', 'APPROVED', 547, '2019-01-14'),
	(1846, 12.00, '', 'APPROVED', 601, '2019-01-14'),
	(1847, 20.00, '', 'APPROVED', 481, '2019-01-14'),
	(1848, 3.00, '', 'DECLINED', 564, '2019-01-14'),
	(1849, 40.00, '', 'APPROVED', 209, '2019-01-21'),
	(1850, 21.00, '\r\n--- From Manager Start ---\r\n3E(16 год)\r\n--- From Manager End ---', 'APPROVED', 568, '2019-01-21'),
	(1851, 8.00, '\r\n--- From User Start ---\r\nКорректировка свайного поля\r\n-- From User Start ---', 'APPROVED', 611, '2019-01-14'),
	(1852, 32.00, '', 'APPROVED', 595, '2019-01-07'),
	(1853, 40.00, '', 'APPROVED', 595, '2019-01-14'),
	(1854, 8.00, '', 'APPROVED', 595, '2019-01-21'),
	(1855, 4.00, '', 'APPROVED', 604, '2019-01-14'),
	(1856, 8.00, '', 'APPROVED', 571, '2019-01-14'),
	(1857, 12.00, '\r\n--- From Manager Start ---\r\nWO#4\r\n--- From Manager End ---', 'DECLINED', 609, '2019-01-14'),
	(1858, 8.00, '', 'APPROVED', 584, '2019-01-14'),
	(1859, 5.00, '', 'DECLINED', 9, '2019-01-14'),
	(1860, 1.00, '', 'DECLINED', 590, '2019-01-21'),
	(1861, 1.00, '', 'DECLINED', 597, '2019-01-21'),
	(1862, 32.00, '', 'APPROVED', 457, '2019-01-21'),
	(1863, 8.00, '', 'DECLINED', 82, '2019-01-07'),
	(1864, 32.00, '', 'APPROVED', 70, '2019-01-07'),
	(1865, 40.00, '', 'DECLINED', 82, '2019-01-14'),
	(1866, 8.00, '', 'APPROVED', 70, '2019-01-14'),
	(1867, 8.00, '', 'DECLINED', 70, '2019-01-21'),
	(1868, 12.00, '', 'DECLINED', 420, '2019-01-21'),
	(1869, 40.00, '', 'APPROVED', 614, '2019-01-21'),
	(1870, 31.00, '', 'APPROVED', 418, '2019-01-07'),
	(1871, 16.00, '', 'DECLINED', 69, '2019-01-07'),
	(1872, 8.00, '', 'APPROVED', 46, '2019-01-21'),
	(1873, 2.00, '', 'APPROVED', 197, '2019-01-21'),
	(1874, 1.00, '', 'APPROVED', 197, '2019-01-14'),
	(1875, 10.00, '', 'APPROVED', 622, '2019-01-21'),
	(1876, 15.00, '', 'APPROVED', 418, '2019-01-14'),
	(1877, 10.00, '', 'APPROVED', 418, '2019-01-21'),
	(1878, 32.00, '', 'DECLINED', 602, '2019-01-21'),
	(1879, 36.00, '', 'APPROVED', 536, '2019-01-21'),
	(1880, 40.00, '', 'APPROVED', 600, '2019-01-21'),
	(1881, 32.00, '', 'DECLINED', 607, '2019-01-21'),
	(1882, 8.00, '', 'APPROVED', 547, '2019-01-21'),
	(1883, 4.00, 'Переезд в офис', 'DECLINED', 80, '2019-01-21'),
	(1884, 36.00, '', 'DECLINED', 613, '2019-01-21'),
	(1885, 12.00, '', 'DECLINED', 601, '2019-01-28'),
	(1886, 32.00, '', 'APPROVED', 481, '2019-01-28'),
	(1887, 40.00, '', 'APPROVED', 481, '2019-01-21'),
	(1888, 12.00, '', 'DECLINED', 601, '2019-01-21'),
	(1889, 8.00, '', 'DECLINED', 477, '2019-01-21'),
	(1890, 1.00, '', 'DECLINED', 465, '2019-01-21'),
	(1891, 8.00, '', 'APPROVED', 611, '2019-01-21'),
	(1892, 1.00, 'Пропозиція (МХБ)', 'APPROVED', 50, '2019-01-21'),
	(1893, 3.00, '', 'APPROVED', 620, '2019-01-21'),
	(1894, 26.00, '', 'DECLINED', 626, '2019-01-21'),
	(1895, 5.00, 'Переїзд в офіс\r\n--- From User Start ---\r\nПоїздка в Житомир\r\n-- From User Start ---\r\n--- From User Start ---\r\nТільки переїзд\r\n-- From User Start ---', 'DECLINED', 586, '2019-01-21'),
	(1896, 19.00, 'Моделювання 3Д моделі', 'APPROVED', 619, '2019-01-21'),
	(1897, 3.00, '', 'APPROVED', 92, '2019-01-21'),
	(1898, 2.00, '', 'APPROVED', 357, '2019-01-21'),
	(1899, 1.00, '', 'APPROVED', 565, '2019-01-21'),
	(1900, 4.00, '', 'APPROVED', 572, '2019-01-21'),
	(1901, 6.00, '', 'APPROVED', 603, '2019-01-21'),
	(1902, 10.00, '', 'APPROVED', 612, '2019-01-21'),
	(1903, 2.00, '', 'APPROVED', 357, '2019-01-28'),
	(1904, 9.00, '', 'APPROVED', 79, '2019-01-21'),
	(1905, 2.00, '', 'DECLINED', 395, '2019-01-21'),
	(1906, 5.00, '', 'APPROVED', 154, '2019-01-21'),
	(1907, 20.00, '', 'APPROVED', 617, '2019-01-21'),
	(1908, 4.00, '', 'APPROVED', 511, '2019-01-21'),
	(1909, 4.00, '\r\n--- From Manager Start ---\r\nWO#5\r\n--- From Manager End ---', 'DECLINED', 609, '2019-01-21'),
	(1910, 12.00, '', 'APPROVED', 584, '2019-01-21'),
	(1911, 25.00, '', 'DECLINED', 627, '2019-01-21'),
	(1912, 16.00, '', 'APPROVED', 621, '2019-01-21'),
	(1913, 24.00, '', 'DECLINED', 628, '2019-01-21'),
	(1914, 2.00, '', 'DECLINED', 599, '2019-01-28'),
	(1915, 6.00, '', 'DECLINED', 414, '2019-01-21'),
	(1916, 18.00, '', 'DECLINED', 596, '2019-01-21'),
	(1917, 40.00, '', 'APPROVED', 289, '2019-01-21'),
	(1918, 8.00, '\r\n--- От Пользователя ---\r\nНовогодние праздники\r\n--- От Пользователя ---', 'APPROVED', 87, '2019-01-07'),
	(1919, 6.00, 'Новогодние праздники\r\n--- От Пользователя ---\r\nэто не НГ праздники\r\n--- От Пользователя ---', 'APPROVED', 87, '2019-01-14'),
	(1920, 10.00, '', 'APPROVED', 52, '2019-01-28'),
	(1921, 13.00, '\r\n--- From Manager Start ---\r\nWO#6 - 11\r\n--- From Manager End ---\r\n--- From Manager Start ---\r\nWO#7 - 2\r\n--- From Manager End ---', 'DECLINED', 606, '2019-01-21'),
	(1922, 7.00, '', 'APPROVED', 427, '2019-01-21'),
	(1923, 1.00, '', 'APPROVED', 531, '2019-01-21'),
	(1924, 11.00, '', 'APPROVED', 52, '2019-01-21'),
	(1925, 16.00, '', 'APPROVED', 52, '2019-01-14'),
	(1926, 7.00, '', 'APPROVED', 87, '2019-01-21'),
	(1927, 4.00, 'FOCUS MALL ZELIONA GORA STRUCTURAL DD', 'DECLINED', 17, '2019-01-28'),
	(1928, 32.00, 'раскладка профлиста\r\n--- From User Start ---\r\n4ч-раскладка профлиста\r\n-- From User Start ---\r\n--- From User Start ---\r\n4\r\n-- From User Start ---\r\n--- From User Start ---\r\nАН корректировка плиты пола-2ч, АН замена соединенияй молниезащиты-4ч, АН оценка часов для корректировки РД по снятию замечаний ТН-10ч, АН проверка армирование плиты перекрытия техн корридоров-8ч\r\n-- From User Start ---', 'DECLINED', 605, '2019-01-28'),
	(1929, 16.00, '', 'DECLINED', 619, '2019-01-28'),
	(1930, 1.00, '', 'DECLINED', 469, '2019-01-28'),
	(1931, 8.00, '', 'APPROVED', 457, '2019-01-28'),
	(1932, 32.00, '3E(16 год)\r\n--- From User Start ---\r\n3F(32 год)\r\n-- From User Start ---', 'APPROVED', 568, '2019-01-28'),
	(1933, 4.00, '', 'DECLINED', 9, '2019-01-21'),
	(1936, 24.00, '', 'APPROVED', 68, '2019-01-01'),
	(1937, 40.00, '', 'APPROVED', 78, '2019-01-21'),
	(1938, 32.00, '', 'APPROVED', 78, '2019-01-28'),
	(1939, 24.00, '', 'APPROVED', 209, '2019-01-28'),
	(1940, 32.00, '', 'APPROVED', 617, '2019-01-28'),
	(1941, 16.00, '', 'DECLINED', 69, '2018-12-31'),
	(1942, 8.00, '', 'APPROVED', 617, '2019-01-14'),
	(1943, 1.00, '', 'APPROVED', 197, '2019-01-07'),
	(1944, 8.00, '', 'APPROVED', 46, '2019-01-14'),
	(1945, 10.00, '', 'APPROVED', 622, '2019-01-14'),
	(1946, 4.00, '', 'APPROVED', 584, '2018-12-31'),
	(1947, 16.00, '', 'APPROVED', 69, '2019-01-01'),
	(1948, 8.00, '', 'APPROVED', 418, '2019-01-01'),
	(1949, 24.00, '', 'APPROVED', 513, '2019-01-01'),
	(1950, 24.00, '', 'APPROVED', 272, '2019-01-01'),
	(1951, 8.00, '', 'APPROVED', 513, '2019-01-07'),
	(1952, 32.00, '', 'APPROVED', 289, '2019-01-07'),
	(1953, 6.00, '', 'APPROVED', 414, '2019-01-14'),
	(1954, 18.00, '', 'APPROVED', 596, '2019-01-14'),
	(1955, 16.00, '', 'APPROVED', 590, '2019-01-01'),
	(1956, 8.00, '', 'APPROVED', 457, '2019-01-07'),
	(1957, 3.00, '', 'APPROVED', 465, '2019-01-14'),
	(1958, 5.00, '', 'APPROVED', 597, '2019-01-14'),
	(1959, 24.00, '', 'APPROVED', 595, '2019-01-01'),
	(1960, 24.00, '', 'APPROVED', 78, '2019-01-01'),
	(1961, 24.00, '', 'APPROVED', 67, '2019-01-01'),
	(1962, 2.00, '\r\n--- From Manager Start ---\r\nСобрание\r\n--- From Manager End ---', 'APPROVED', 32, '2019-01-07'),
	(1963, 6.00, '\r\n--- From Manager Start ---\r\nAuchan\r\n--- From Manager End ---', 'APPROVED', 45, '2019-01-07'),
	(1964, 2.00, '', 'APPROVED', 79, '2019-01-14'),
	(1965, 6.00, '', 'APPROVED', 92, '2019-01-14'),
	(1966, 1.00, '', 'APPROVED', 357, '2019-01-14'),
	(1967, 4.00, '', 'APPROVED', 565, '2019-01-14'),
	(1968, 2.00, '', 'APPROVED', 572, '2019-01-14'),
	(1969, 8.00, '', 'APPROVED', 622, '2019-01-28'),
	(1970, 16.00, '', 'APPROVED', 603, '2019-01-14'),
	(1971, 9.00, '', 'APPROVED', 612, '2019-01-14'),
	(1972, 24.00, '', 'APPROVED', 610, '2019-01-01'),
	(1973, 16.00, '', 'APPROVED', 70, '2019-01-01'),
	(1974, 8.00, '', 'APPROVED', 82, '2019-01-01'),
	(1975, 12.00, '', 'APPROVED', 420, '2019-01-14'),
	(1976, 20.00, '', 'APPROVED', 614, '2019-01-14'),
	(1977, 24.00, '', 'APPROVED', 591, '2019-01-01'),
	(1978, 8.00, '', 'APPROVED', 602, '2019-01-07'),
	(1979, 24.00, '', 'APPROVED', 71, '2019-01-01'),
	(1980, 32.00, '', 'DECLINED', 600, '2019-01-28'),
	(1981, 2.00, '\r\n--- From Manager Start ---\r\nKIDEAL2.\nПроверка и выдача технического задания для проектирования дымовых труб\r\n--- From Manager End ---', 'APPROVED', 50, '2019-01-01'),
	(1982, 4.00, '0006.0-70-38P. AGROCity.\nСоставление итогового Отчета по окончанию проекта на основании отзыва (оценки) Заказчика', 'APPROVED', 122, '2019-01-01'),
	(1983, 2.00, '', 'APPROVED', 151, '2019-01-01'),
	(1984, 16.00, '', 'APPROVED', 567, '2019-01-01'),
	(1985, 16.00, '\r\n--- From Manager Start ---\r\n--- From User Start ---\nКорректировка свайного поля\n-- From User Start ---\r\n--- From Manager End ---', 'APPROVED', 611, '2019-01-07'),
	(1986, 1.00, '', 'APPROVED', 50, '2019-01-14'),
	(1987, 28.00, '', 'DECLINED', 626, '2019-01-14'),
	(1988, 3.00, '', 'APPROVED', 620, '2019-01-14'),
	(1989, 8.00, '', 'APPROVED', 391, '2019-01-01'),
	(1990, 16.00, '', 'APPROVED', 599, '2019-01-01'),
	(1991, 2.00, '', 'APPROVED', 373, '2019-01-07'),
	(1992, 8.00, '', 'APPROVED', 528, '2019-01-07'),
	(1993, 24.00, '', 'DECLINED', 628, '2019-01-14'),
	(1994, 8.00, '', 'APPROVED', 536, '2019-01-14'),
	(1995, 16.00, '', 'APPROVED', 621, '2019-01-14'),
	(1996, 24.00, '', 'APPROVED', 600, '2019-01-01'),
	(1997, 24.00, '\r\n--- From Manager Start ---\r\n3e\r\n--- From Manager End ---', 'APPROVED', 568, '2019-01-01'),
	(1998, 16.00, '', 'APPROVED', 209, '2019-01-01'),
	(1999, 9.00, '', 'APPROVED', 481, '2019-01-01'),
	(2000, 5.00, '', 'APPROVED', 564, '2019-01-01'),
	(2001, 10.00, '', 'APPROVED', 601, '2019-01-01'),
	(2002, 8.00, '', 'APPROVED', 477, '2019-01-14'),
	(2003, 10.00, 'Переїзд в офіс\n--- From User Start ---\nПоїздка в Житомир\n-- From User Start ---', 'APPROVED', 586, '2019-01-14'),
	(2004, 26.00, '', 'APPROVED', 619, '2019-01-14'),
	(2005, 18.00, '', 'APPROVED', 154, '2019-01-01'),
	(2006, 2.00, '', 'APPROVED', 395, '2019-01-14'),
	(2007, 16.00, '', 'DECLINED', 627, '2019-01-14'),
	(2008, 32.00, '', 'APPROVED', 615, '2019-01-14'),
	(2009, 8.00, '', 'APPROVED', 83, '2019-01-14'),
	(2010, 32.00, '', 'APPROVED', 615, '2019-01-21'),
	(2011, 8.00, '', 'APPROVED', 83, '2019-01-21'),
	(2012, 32.00, '', 'APPROVED', 615, '2019-01-28'),
	(2013, 18.00, '', 'DECLINED', 627, '2019-01-28'),
	(2014, 28.00, '', 'APPROVED', 621, '2019-01-28'),
	(2015, 2.00, '', 'APPROVED', 373, '2019-01-28'),
	(2016, 6.00, '', 'APPROVED', 154, '2019-01-28'),
	(2017, 2.00, 'For Siemens VAI', 'APPROVED', 50, '2019-01-28'),
	(2018, 4.00, '', 'APPROVED', 620, '2019-01-28'),
	(2019, 2.00, 'Revit Time', 'APPROVED', 151, '2019-01-21'),
	(2020, 2.00, 'Revit Time', 'APPROVED', 151, '2019-01-28'),
	(2021, 24.00, '', 'DECLINED', 626, '2019-01-28'),
	(2022, 24.00, '', 'APPROVED', 610, '2019-01-21'),
	(2023, 1.00, '', 'APPROVED', 46, '2019-01-28'),
	(2024, 10.00, '', 'APPROVED', 418, '2019-01-28'),
	(2025, 32.00, '', 'APPROVED', 75, '2019-01-01'),
	(2026, 18.00, '', 'APPROVED', 75, '2019-01-07'),
	(2027, 16.00, 'РД и снятие замечаний', 'APPROVED', 522, '2019-01-07'),
	(2028, 16.00, 'Разработка семейства закладных деталей для жб елементов', 'APPROVED', 570, '2019-01-07'),
	(2029, 4.00, 'Переезд в офис', 'APPROVED', 80, '2019-01-14'),
	(2030, 36.00, '', 'APPROVED', 613, '2019-01-14'),
	(2031, 4.00, '0025.0-20-48P_FOCUS MALL ZELIONA GORA - structures', 'APPROVED', 17, '2019-01-21'),
	(2032, 20.00, 'WO#7 Перепланировка в ДЦ-20ч, АН раскладка профлиста-4ч, АН корректировка плиты пола-12ч', 'DECLINED', 605, '2019-01-21'),
	(2033, 32.00, '', 'APPROVED', 629, '2019-01-28'),
	(2034, 4.00, '', 'APPROVED', 469, '2019-01-21'),
	(2035, 32.00, '', 'APPROVED', 289, '2019-01-28'),
	(2036, 32.00, '', 'APPROVED', 614, '2019-01-28'),
	(2037, 4.00, '', 'APPROVED', 536, '2019-01-28'),
	(2038, 4.00, 'переезд', 'APPROVED', 587, '2019-01-21'),
	(2039, 28.00, '', 'APPROVED', 484, '2019-01-28'),
	(2040, 24.00, '', 'DECLINED', 597, '2019-01-28'),
	(2041, 24.00, '', 'APPROVED', 581, '2019-01-01'),
	(2042, 25.00, '', 'APPROVED', 581, '2019-01-07'),
	(2043, 30.00, '', 'APPROVED', 581, '2019-01-14'),
	(2044, 30.00, '', 'APPROVED', 581, '2019-01-21'),
	(2045, 30.00, '', 'APPROVED', 581, '2019-01-28'),
	(2046, 8.00, '', 'APPROVED', 177, '2019-01-21'),
	(2047, 8.00, '', 'APPROVED', 177, '2019-01-28'),
	(2048, 24.00, '', 'DECLINED', 595, '2019-01-28'),
	(2049, 24.00, '', 'APPROVED', 630, '2019-01-28'),
	(2050, 8.00, '', 'APPROVED', 87, '2019-01-28'),
	(2051, 5.00, '\r\n--- От Руководителя проекта ---\r\n4 часа на LM BIM\r\n--- От Руководителя проекта ---', 'APPROVED', 427, '2019-01-28'),
	(2052, 8.00, '\r\n--- From Manager Start ---\r\n2 - WO#7\r\n--- From Manager End ---\r\n--- From Manager Start ---\r\n5 - WO#8\r\n--- From Manager End ---\r\n--- From Manager Start ---\r\n1 - WO#9\r\n--- From Manager End ---', 'DECLINED', 606, '2019-01-28'),
	(2053, 1.00, '', 'APPROVED', 448, '2019-01-28'),
	(2054, 1.00, '', 'APPROVED', 448, '2019-01-21'),
	(2055, 7.00, '\r\n--- От Руководителя проекта ---\r\n2 часа на ЛМ БИМ\r\n--- От Руководителя проекта ---', 'APPROVED', 427, '2019-01-14'),
	(2056, 2.00, '', 'APPROVED', 448, '2019-01-14'),
	(2057, 1.00, '', 'EDITABLE', 531, '2019-01-14'),
	(2058, 8.00, '\r\n--- From Manager Start ---\r\n1-WO#5\r\n--- From Manager End ---\r\n--- From Manager Start ---\r\n3-WO#9\r\n--- From Manager End ---\r\n--- From Manager Start ---\r\n4 - WO#3 additional works\r\n--- From Manager End ---', 'DECLINED', 606, '2019-01-14'),
	(2059, 12.00, '\r\n--- From Manager Start ---\r\n8 - WO#3 additional works\r\n--- From Manager End ---\r\n--- From Manager Start ---\r\n4h WO#11\r\n--- From Manager End ---', 'DECLINED', 606, '2019-01-07'),
	(2060, 2.00, '', 'EDITABLE', 531, '2019-01-07'),
	(2061, 24.00, '', 'APPROVED', 645, '2019-01-28'),
	(2062, 8.00, '', 'APPROVED', 645, '2019-02-01'),
	(2063, 8.00, '', 'APPROVED', 621, '2019-02-01'),
	(2064, 8.00, '', 'APPROVED', 584, '2019-02-01'),
	(2065, 0.01, '', 'DECLINED', 209, '2019-02-01'),
	(2066, 40.00, '', 'APPROVED', 209, '2019-02-04'),
	(2067, 16.00, '', 'APPROVED', 639, '2019-01-21'),
	(2068, 32.00, '4ч-раскладка профлиста\n-- From User Start ---\n--- From User Start ---\n4\n-- From User Start ---\n--- From User Start ---\nАН корректировка плиты пола-2ч, АН замена соединенияй молниезащиты-4ч, АН оценка часов для корректировки РД по снятию замечаний ТН-10ч, АН проверка армирование плиты перекрытия техн корридоров-8ч\n-- From User Start ---', 'APPROVED', 639, '2019-01-28'),
	(2069, 24.00, '', 'APPROVED', 630, '2019-01-21'),
	(2070, 30.00, '', 'APPROVED', 612, '2019-01-28'),
	(2071, 8.00, '', 'APPROVED', 612, '2019-02-01'),
	(2072, 5.00, '', 'APPROVED', 603, '2019-02-04'),
	(2073, 5.00, '', 'APPROVED', 598, '2019-01-21'),
	(2074, 5.00, '', 'APPROVED', 79, '2019-02-04'),
	(2075, 20.00, '', 'APPROVED', 612, '2019-02-04'),
	(2076, 2.00, '', 'APPROVED', 646, '2019-01-28'),
	(2077, 8.00, '', 'DECLINED', 607, '2019-02-01'),
	(2078, 4.00, '', 'APPROVED', 547, '2019-01-28'),
	(2079, 16.00, '', 'DECLINED', 607, '2019-01-28'),
	(2080, 13.00, '', 'APPROVED', 633, '2019-01-28'),
	(2081, 10.00, '', 'APPROVED', 633, '2019-01-21'),
	(2082, 6.00, '', 'APPROVED', 633, '2019-01-14'),
	(2083, 8.00, '', 'APPROVED', 418, '2019-02-01'),
	(2084, 8.00, '', 'APPROVED', 633, '2019-02-04'),
	(2085, 8.00, 'Rollton', 'APPROVED', 46, '2019-02-04'),
	(2086, 4.00, '\r\n--- From Manager Start ---\r\nWO#7\r\n--- From Manager End ---', 'DECLINED', 609, '2019-02-04'),
	(2087, 9.00, 'Proposal template\r\n--- From Manager Start ---\r\n3 - Proposal template\r\n--- From Manager End ---\r\n--- From Manager Start ---\r\n4- QM and EX\r\n--- From Manager End ---\r\n--- From Manager Start ---\r\n2 - Close-out report template\r\n--- From Manager End ---', 'APPROVED', 584, '2019-02-04'),
	(2088, 3.00, '0093-10-49C_WSP', 'APPROVED', 511, '2019-02-04'),
	(2089, 10.00, '', 'APPROVED', 604, '2019-02-04'),
	(2090, 14.00, '', 'APPROVED', 617, '2019-02-04'),
	(2091, 40.00, '', 'APPROVED', 209, '2019-02-11'),
	(2092, 40.00, '', 'APPROVED', 647, '2019-02-04'),
	(2093, 40.00, '', 'APPROVED', 614, '2019-02-04'),
	(2094, 8.00, '', 'DECLINED', 614, '2019-02-01'),
	(2095, 8.00, '', 'APPROVED', 83, '2019-02-01'),
	(2096, 8.00, '', 'APPROVED', 83, '2019-02-04'),
	(2097, 32.00, '', 'APPROVED', 615, '2019-02-04'),
	(2104, 8.00, 'Корректировка РШБ', 'APPROVED', 639, '2019-02-01'),
	(2105, 13.00, '8ч - Корректировка РШБ, 1ч - АН оценка часов для работ РТП-С и креплению МН-6, 4ч - Узел крепление закладной детали МН-6, согласование РШБ', 'APPROVED', 639, '2019-02-04'),
	(2106, 27.00, '16ч - АН снятие замечаний ТН (8,19,30а,30б), 5ч - АН оценка часов для корректировки РД по снятию замечаний ТН, 6ч - Расчет узла крепления окна', 'DECLINED', 605, '2019-02-04'),
	(2107, 1.00, '', 'DECLINED', 629, '2019-02-01'),
	(2108, 8.00, 'Підготовка до VR презентації та виїзд до Фармак', 'APPROVED', 51, '2019-02-01'),
	(2109, 30.00, '', 'DECLINED', 51, '2019-02-04'),
	(2110, 2.00, 'Підготовка матеріалів для публікації статті', 'APPROVED', 86, '2019-02-04'),
	(2111, 38.00, '', 'APPROVED', 629, '2019-02-04'),
	(2112, 8.00, '', 'APPROVED', 78, '2019-02-01'),
	(2113, 40.00, '', 'APPROVED', 78, '2019-02-04'),
	(2114, 40.00, '', 'APPROVED', 645, '2019-02-04'),
	(2115, 1.00, '', 'DECLINED', 590, '2019-02-04'),
	(2116, 8.00, '', 'DECLINED', 626, '2019-02-01'),
	(2117, 8.00, 'Ceilings (Report)', 'APPROVED', 640, '2019-02-01'),
	(2118, 16.00, 'Ceilings (Report)', 'APPROVED', 640, '2019-02-04'),
	(2119, 4.00, 'Internal meetings', 'APPROVED', 85, '2019-02-04'),
	(2120, 16.00, 'Proposal for "Primetals"', 'APPROVED', 50, '2019-02-04'),
	(2121, 4.00, 'Revit time', 'APPROVED', 151, '2019-02-04'),
	(2122, 4.00, 'Estimation details for ceiling panels', 'DECLINED', 626, '2019-02-11'),
	(2123, 8.00, 'Proposal for "Primetals"\r\n--- From User Start ---\r\nProposal for "poyry"\r\n-- From User Start ---', 'APPROVED', 50, '2019-02-11'),
	(2124, 24.00, '', 'APPROVED', 418, '2019-02-04'),
	(2125, 36.00, '', 'APPROVED', 633, '2019-02-11'),
	(2126, 8.00, '\r\n--- From Manager Start ---\r\nработы начиная с недели 6 приостановлены по решению заказчика\r\n--- From Manager End ---', 'DECLINED', 621, '2019-02-04'),
	(2127, 24.00, '', 'APPROVED', 646, '2019-02-04'),
	(2128, 8.00, '', 'APPROVED', 171, '2019-02-04'),
	(2129, 8.00, '', 'APPROVED', 289, '2019-02-01'),
	(2130, 40.00, '', 'APPROVED', 289, '2019-02-04'),
	(2132, 8.00, '', 'APPROVED', 177, '2019-02-01'),
	(2133, 32.00, '', 'APPROVED', 630, '2019-02-04'),
	(2134, 8.00, '', 'APPROVED', 177, '2019-02-04'),
	(2135, 7.00, '\r\n--- From User Start ---\r\nкорректировка оконных проемов\r\n-- From User Start ---', 'DECLINED', 636, '2019-02-01'),
	(2136, 40.00, '', 'APPROVED', 615, '2019-02-11'),
	(2137, 4.00, '24ч - корректировка оконных проемов\n4ч - корректировка состава кровли (трудно горючая фанера)\r\n--- From User Start ---\r\n7 - перепланировка АБК\r\n-- From User Start ---\r\n--- From User Start ---\r\nгардеробные, офисы, столовые, лаборатория\r\n-- From User Start ---', 'APPROVED', 636, '2019-02-04'),
	(2138, 21.00, 'перепланировка АБК (гардеробные, офисы, лаборатория)', 'DECLINED', 636, '2019-02-11'),
	(2142, 8.00, '3F', 'APPROVED', 568, '2019-02-01'),
	(2143, 32.00, '', 'APPROVED', 555, '2019-02-11'),
	(2144, 8.00, '', 'APPROVED', 568, '2019-02-04'),
	(2145, 40.00, '', 'APPROVED', 78, '2019-02-11'),
	(2146, 8.00, '', 'DECLINED', 555, '2019-02-01'),
	(2148, 32.00, '', 'APPROVED', 646, '2019-02-11'),
	(2149, 8.00, '', 'APPROVED', 171, '2019-02-11'),
	(2150, 40.00, '', 'APPROVED', 629, '2019-02-11'),
	(2151, 40.00, '', 'APPROVED', 645, '2019-02-11'),
	(2152, 16.00, '', 'APPROVED', 658, '2018-12-17'),
	(2153, 16.00, '', 'APPROVED', 658, '2018-12-24'),
	(2154, 4.00, '', 'APPROVED', 658, '2018-12-31'),
	(2155, 40.00, 'Стяжка по помещении РТП-С\r\n--- From User Start ---\r\n16ч - Стяжка в помещении РТП-С, 24ч - рамы для оборудования РТП-С\r\n-- From User Start ---', 'DECLINED', 605, '2019-02-11'),
	(2156, 8.00, '', 'APPROVED', 658, '2019-01-01'),
	(2157, 8.00, '', 'DECLINED', 658, '2019-02-01'),
	(2158, 20.00, '', 'APPROVED', 658, '2019-01-07'),
	(2159, 32.00, '', 'APPROVED', 658, '2019-01-14'),
	(2160, 32.00, '', 'APPROVED', 658, '2019-01-21'),
	(2161, 28.00, '', 'APPROVED', 658, '2019-01-28'),
	(2162, 1.00, '', 'APPROVED', 626, '2018-12-17'),
	(2163, 4.00, '', 'APPROVED', 660, '2018-12-03'),
	(2164, 9.00, '', 'APPROVED', 660, '2018-12-10'),
	(2165, 6.00, '', 'APPROVED', 660, '2018-12-17'),
	(2166, 10.00, '', 'APPROVED', 659, '2018-12-17'),
	(2167, 8.00, '', 'APPROVED', 659, '2018-12-24'),
	(2168, 1.00, '', 'DECLINED', 660, '2018-12-31'),
	(2169, 8.00, '', 'APPROVED', 659, '2019-01-07'),
	(2170, 4.00, '', 'DECLINED', 660, '2019-01-07'),
	(2171, 4.00, '', 'APPROVED', 659, '2019-01-14'),
	(2172, 1.00, '', 'APPROVED', 661, '2019-01-14'),
	(2173, 3.00, '', 'APPROVED', 662, '2019-01-14'),
	(2174, 11.00, '', 'APPROVED', 663, '2019-01-21'),
	(2175, 2.00, '', 'APPROVED', 664, '2019-01-21'),
	(2176, 2.00, '', 'APPROVED', 664, '2019-01-28'),
	(2177, 1.00, '', 'APPROVED', 662, '2019-01-28'),
	(2178, 5.00, '', 'APPROVED', 665, '2019-01-28'),
	(2179, 1.00, '', 'APPROVED', 659, '2018-12-31'),
	(2180, 12.00, '', 'DECLINED', 666, '2019-01-21'),
	(2181, 20.00, '', 'APPROVED', 669, '2019-01-21'),
	(2182, 28.00, '', 'APPROVED', 667, '2019-01-14'),
	(2183, 26.00, '', 'APPROVED', 667, '2019-01-21'),
	(2184, 24.00, '', 'APPROVED', 667, '2019-01-28'),
	(2185, 12.00, '', 'APPROVED', 668, '2019-01-14'),
	(2186, 24.00, '', 'APPROVED', 671, '2019-01-14'),
	(2187, 16.00, '', 'APPROVED', 670, '2019-01-14'),
	(2188, 4.00, '', 'APPROVED', 672, '2019-01-21'),
	(2189, 4.00, '', 'APPROVED', 673, '2019-02-04'),
	(2190, 25.00, '', 'APPROVED', 674, '2019-01-21'),
	(2191, 18.00, '', 'APPROVED', 674, '2019-01-28'),
	(2192, 8.00, '', 'APPROVED', 678, '2019-02-01'),
	(2193, 8.00, '', 'APPROVED', 658, '2018-12-03'),
	(2194, 24.00, '', 'APPROVED', 214, '2019-01-21'),
	(2195, 4.00, '', 'APPROVED', 680, '2019-01-07'),
	(2196, 12.00, '', 'APPROVED', 617, '2019-02-11'),
	(2197, 7.00, '', 'APPROVED', 674, '2019-02-01'),
	(2198, 24.00, '', 'APPROVED', 674, '2019-02-04'),
	(2199, 7.00, '', 'APPROVED', 683, '2019-02-04'),
	(2200, 21.00, '', 'APPROVED', 683, '2019-02-11'),
	(2201, 21.00, '', 'APPROVED', 679, '2019-02-04'),
	(2202, 40.00, '', 'APPROVED', 684, '2019-02-11'),
	(2203, 6.00, '', 'APPROVED', 685, '2019-02-04'),
	(2204, 2.00, 'Internal meetings', 'APPROVED', 85, '2019-02-11'),
	(2205, 4.00, '\r\n--- From Manager Start ---\r\n4-Estimation details for ceiling panels\r\n--- From Manager End ---\r\n--- From User Start ---\r\nWO#9_Фундаменты дымовых труб\r\n-- From User Start ---', 'APPROVED', 640, '2019-02-11'),
	(2206, 26.00, '', 'APPROVED', 675, '2019-02-11'),
	(2208, 5.00, '', 'APPROVED', 682, '2019-02-11'),
	(2209, 4.00, '', 'APPROVED', 676, '2019-02-11'),
	(2210, 3.00, '0096 - Kernel', 'APPROVED', 511, '2019-02-11'),
	(2211, 12.00, '', 'APPROVED', 584, '2019-02-11'),
	(2212, 20.00, '', 'DECLINED', 658, '2019-02-04'),
	(2213, 32.00, '20', 'APPROVED', 678, '2019-02-04'),
	(2214, 20.00, '', 'DECLINED', 658, '2019-02-11'),
	(2215, 32.00, '', 'APPROVED', 678, '2019-02-11'),
	(2216, 12.00, 'корректировка оконных проемов', 'APPROVED', 674, '2019-02-11'),
	(2217, 4.00, 'Rhenus', 'APPROVED', 46, '2019-02-11'),
	(2218, 32.00, '', 'APPROVED', 647, '2019-02-11'),
	(2219, 8.00, '', 'APPROVED', 481, '2019-02-01'),
	(2220, 40.00, '', 'APPROVED', 481, '2019-02-04'),
	(2221, 40.00, '', 'APPROVED', 644, '2019-02-11'),
	(2222, 8.00, '', 'APPROVED', 642, '2019-02-11'),
	(2223, 32.00, '', 'APPROVED', 289, '2019-02-11'),
	(2224, 16.00, '', 'APPROVED', 58, '2019-02-11'),
	(2225, 24.00, '', 'APPROVED', 614, '2019-02-11'),
	(2226, 8.00, '', 'APPROVED', 568, '2019-02-11'),
	(2227, 3.00, '', 'APPROVED', 632, '2019-02-04'),
	(2228, 40.00, '', 'APPROVED', 209, '2019-02-18'),
	(2229, 3.00, '', 'APPROVED', 686, '2019-02-04'),
	(2230, 2.00, '', 'APPROVED', 143, '2019-02-04'),
	(2231, 6.00, '', 'APPROVED', 79, '2019-02-11'),
	(2232, 2.00, '', 'APPROVED', 143, '2019-02-11'),
	(2233, 20.00, '', 'APPROVED', 603, '2019-02-11'),
	(2234, 4.00, '', 'APPROVED', 612, '2019-02-11'),
	(2235, 4.00, '', 'APPROVED', 686, '2019-02-11'),
	(2236, 3.00, '', 'APPROVED', 632, '2019-02-11'),
	(2237, 1.00, '', 'APPROVED', 357, '2019-02-11'),
	(2238, 2.00, '', 'APPROVED', 357, '2019-02-04'),
	(2239, 4.00, '', 'APPROVED', 668, '2019-02-11'),
	(2240, 4.00, '', 'APPROVED', 641, '2019-02-04'),
	(2241, 4.00, '', 'APPROVED', 641, '2019-02-11'),
	(2242, 4.00, '', 'APPROVED', 547, '2019-02-04'),
	(2243, 4.00, '', 'APPROVED', 547, '2019-02-11'),
	(2244, 8.00, '', 'APPROVED', 177, '2019-02-11'),
	(2245, 32.00, '', 'APPROVED', 630, '2019-02-11'),
	(2246, 32.00, '', 'APPROVED', 555, '2019-02-04'),
	(2248, 32.00, '', 'PLANNED', 617, '2019-02-25'),
	(2257, 7.00, '', 'APPROVED', 87, '2019-02-11'),
	(2258, 40.00, '', 'APPROVED', 78, '2019-02-18'),
	(2264, 2.00, '', 'APPROVED', 448, '2019-02-01'),
	(2265, 1.00, '', 'APPROVED', 631, '2019-02-01'),
	(2266, 1.00, '', 'APPROVED', 52, '2019-02-01'),
	(2267, 1.00, '', 'APPROVED', 659, '2019-02-01'),
	(2268, 1.00, '', 'APPROVED', 680, '2019-02-01'),
	(2269, 1.00, '', 'APPROVED', 665, '2019-02-01'),
	(2270, 8.00, '', 'APPROVED', 87, '2019-02-04'),
	(2271, 1.00, '', 'APPROVED', 661, '2019-02-01'),
	(2272, 6.00, '', 'APPROVED', 631, '2019-02-04'),
	(2273, 10.00, '', 'APPROVED', 52, '2019-02-04'),
	(2274, 1.00, '', 'APPROVED', 448, '2019-02-04'),
	(2275, 1.00, 'Моделирование новых балок на отм. +11,920', 'APPROVED', 613, '2019-02-18'),
	(2281, 24.00, '', 'PLANNED', 646, '2019-01-28'),
	(2282, 32.00, '', 'PLANNED', 646, '2019-02-04'),
	(2283, 16.00, '', 'PLANNED', 646, '2019-02-11'),
	(2284, 8.00, '', 'PLANNED', 646, '2019-02-18'),
	(2286, 8.00, '', 'PLANNED', 646, '2019-03-25'),
	(2287, 8.00, '', 'PLANNED', 646, '2019-04-01'),
	(2288, 36.00, '', 'PLANNED', 629, '2019-02-04'),
	(2289, 36.00, '', 'PLANNED', 629, '2019-02-11'),
	(2290, 36.00, '', 'PLANNED', 629, '2019-02-18'),
	(2291, 32.00, '', 'PLANNED', 629, '2019-02-25'),
	(2292, 30.00, '', 'PLANNED', 629, '2019-03-04'),
	(2293, 36.00, '', 'PLANNED', 629, '2019-03-11'),
	(2294, 36.00, '', 'PLANNED', 629, '2019-03-18'),
	(2295, 36.00, '', 'PLANNED', 629, '2019-03-25'),
	(2296, 36.00, '', 'PLANNED', 629, '2019-04-01'),
	(2297, 16.00, '', 'PLANNED', 694, '2019-02-18'),
	(2298, 24.00, '', 'PLANNED', 694, '2019-02-25'),
	(2299, 24.00, '', 'PLANNED', 694, '2019-03-04'),
	(2300, 24.00, '', 'PLANNED', 694, '2019-03-11'),
	(2301, 24.00, '', 'PLANNED', 694, '2019-03-18'),
	(2302, 8.00, '', 'PLANNED', 694, '2019-03-25'),
	(2303, 8.00, '', 'PLANNED', 694, '2019-04-01'),
	(2304, 16.00, '', 'PLANNED', 695, '2019-02-18'),
	(2305, 16.00, '', 'PLANNED', 695, '2019-02-25'),
	(2306, 16.00, '', 'PLANNED', 695, '2019-03-04'),
	(2307, 16.00, '', 'PLANNED', 695, '2019-03-11'),
	(2308, 16.00, '', 'PLANNED', 695, '2019-03-18'),
	(2309, 16.00, '', 'PLANNED', 695, '2019-03-25'),
	(2310, 16.00, '', 'PLANNED', 695, '2019-04-01'),
	(2311, 36.00, '', 'PLANNED', 647, '2019-02-04'),
	(2312, 36.00, '', 'PLANNED', 647, '2019-02-11'),
	(2313, 36.00, '', 'PLANNED', 647, '2019-02-18'),
	(2314, 32.00, '', 'PLANNED', 647, '2019-02-25'),
	(2315, 16.00, '', 'PLANNED', 647, '2019-03-04'),
	(2316, 16.00, '', 'PLANNED', 647, '2019-03-11'),
	(2317, 16.00, '', 'PLANNED', 647, '2019-03-18'),
	(2318, 16.00, '', 'PLANNED', 647, '2019-03-25'),
	(2319, 20.00, '', 'PLANNED', 647, '2019-04-01'),
	(2320, 36.00, '', 'PLANNED', 645, '2019-02-04'),
	(2321, 36.00, '', 'PLANNED', 645, '2019-02-11'),
	(2322, 36.00, '', 'PLANNED', 645, '2019-02-18'),
	(2323, 32.00, '', 'PLANNED', 645, '2019-02-25'),
	(2324, 36.00, '', 'PLANNED', 645, '2019-03-11'),
	(2325, 36.00, '', 'PLANNED', 645, '2019-03-18'),
	(2326, 40.00, '', 'PLANNED', 645, '2019-03-25'),
	(2327, 32.00, '', 'PLANNED', 645, '2019-03-04'),
	(2328, 40.00, '', 'PLANNED', 645, '2019-04-01'),
	(2329, 16.00, '', 'PLANNED', 652, '2019-03-04'),
	(2330, 16.00, '', 'PLANNED', 652, '2019-03-11'),
	(2331, 16.00, '', 'PLANNED', 652, '2019-03-18'),
	(2332, 16.00, '', 'PLANNED', 652, '2019-03-25'),
	(2333, 16.00, '', 'PLANNED', 652, '2019-02-18'),
	(2334, 16.00, '', 'PLANNED', 652, '2019-02-25'),
	(2335, 16.00, '', 'PLANNED', 652, '2019-04-01'),
	(2336, 32.00, '', 'PLANNED', 630, '2019-02-04'),
	(2337, 32.00, '', 'PLANNED', 630, '2019-02-11'),
	(2338, 32.00, '', 'PLANNED', 630, '2019-02-18'),
	(2339, 32.00, '', 'PLANNED', 630, '2019-02-25'),
	(2340, 32.00, '', 'PLANNED', 630, '2019-03-04'),
	(2341, 32.00, '', 'PLANNED', 630, '2019-03-11'),
	(2342, 32.00, '', 'PLANNED', 630, '2019-03-18'),
	(2343, 24.00, '', 'PLANNED', 630, '2019-03-25'),
	(2344, 24.00, '', 'PLANNED', 630, '2019-04-01'),
	(2346, 40.00, '', 'PLANNED', 696, '2019-04-01'),
	(2347, 40.00, '', 'PLANNED', 696, '2019-04-08'),
	(2348, 40.00, '', 'PLANNED', 696, '2019-04-15'),
	(2349, 40.00, '', 'PLANNED', 696, '2019-04-22'),
	(2350, 40.00, '', 'PLANNED', 696, '2019-05-06'),
	(2351, 40.00, '', 'PLANNED', 696, '2019-05-13'),
	(2352, 40.00, '', 'PLANNED', 696, '2019-05-20'),
	(2353, 40.00, '', 'PLANNED', 696, '2019-05-27'),
	(2355, 8.00, '', 'PLANNED', 67, '2019-03-25'),
	(2356, 8.00, '', 'PLANNED', 67, '2019-04-01'),
	(2357, 40.00, '', 'PLANNED', 73, '2019-04-01'),
	(2358, 40.00, '', 'PLANNED', 73, '2019-04-08'),
	(2359, 40.00, '', 'PLANNED', 549, '2019-05-13'),
	(2360, 40.00, '', 'PLANNED', 549, '2019-05-20'),
	(2361, 16.00, '', 'PLANNED', 69, '2019-05-27'),
	(2362, 40.00, '', 'PLANNED', 68, '2019-06-17'),
	(2363, 32.00, '', 'PLANNED', 68, '2019-06-24'),
	(2364, 40.00, '', 'PLANNED', 69, '2019-06-17'),
	(2365, 32.00, '', 'PLANNED', 69, '2019-06-24'),
	(2366, 40.00, '', 'PLANNED', 696, '2019-06-03'),
	(2367, 40.00, '', 'PLANNED', 696, '2019-06-10'),
	(2368, 40.00, '', 'PLANNED', 696, '2019-06-17'),
	(2369, 32.00, '', 'PLANNED', 696, '2019-06-24'),
	(2370, 40.00, '', 'PLANNED', 696, '2019-07-01'),
	(2371, 40.00, '', 'PLANNED', 696, '2019-07-08'),
	(2372, 40.00, '', 'PLANNED', 696, '2019-07-15'),
	(2373, 40.00, '', 'PLANNED', 696, '2019-07-22'),
	(2375, 8.00, '', 'APPROVED', 697, '2019-02-01'),
	(2376, 8.00, '', 'APPROVED', 655, '2019-02-04'),
	(2377, 32.00, '', 'APPROVED', 697, '2019-02-04'),
	(2378, 32.00, '', 'APPROVED', 697, '2019-02-11'),
	(2379, 24.00, '', 'APPROVED', 697, '2019-02-18'),
	(2381, 4.00, 'Proposal for "Primetals" and FABER (KIDEAL II). Fire tank', 'APPROVED', 50, '2019-02-18'),
	(2382, 2.00, 'Innovation Day', 'APPROVED', 85, '2019-02-18'),
	(2383, 32.00, '', 'APPROVED', 675, '2019-02-18'),
	(2384, 40.00, '', 'APPROVED', 645, '2019-02-18'),
	(2385, 36.00, '', 'APPROVED', 629, '2019-02-18'),
	(2386, 4.00, 'VR презентація. Kernel', 'APPROVED', 51, '2019-02-18'),
	(2387, 40.00, '\r\n--- From User Start ---\r\nДля стадії П переробка металу 3А\r\n-- From User Start ---', 'APPROVED', 568, '2019-02-18'),
	(2388, 40.00, '', 'APPROVED', 614, '2019-02-18'),
	(2389, 4.00, '', 'APPROVED', 83, '2019-02-18'),
	(2390, 36.00, '', 'APPROVED', 615, '2019-02-18'),
	(2391, 8.00, '', 'APPROVED', 547, '2019-02-18'),
	(2392, 8.00, '', 'APPROVED', 574, '2019-02-18'),
	(2393, 24.00, '', 'APPROVED', 678, '2019-02-18'),
	(2394, 32.00, '', 'APPROVED', 646, '2019-02-18'),
	(2395, 8.00, '', 'APPROVED', 171, '2019-02-18'),
	(2396, 2.00, 'Revit time', 'APPROVED', 151, '2019-02-18'),
	(2397, 40.00, '', 'APPROVED', 644, '2019-02-18'),
	(2398, 32.00, '', 'APPROVED', 78, '2019-02-25'),
	(2403, 40.00, '', 'PLANNED', 70, '2019-03-18'),
	(2404, 39.00, '', 'APPROVED', 679, '2019-02-18'),
	(2405, 8.00, '', 'DECLINED', 68, '2019-02-18'),
	(2406, 4.00, '', 'APPROVED', 681, '2019-02-18'),
	(2407, 4.00, '', 'APPROVED', 604, '2019-02-18'),
	(2408, 16.00, '', 'APPROVED', 617, '2019-02-18'),
	(2409, 6.00, '0090_Siemens VAI_Primemetals', 'APPROVED', 511, '2019-02-18'),
	(2410, 10.00, '', 'APPROVED', 584, '2019-02-18'),
	(2411, 4.00, '', 'APPROVED', 681, '2019-02-25'),
	(2412, 1.00, '', 'APPROVED', 679, '2019-02-25'),
	(2413, 4.00, '', 'APPROVED', 143, '2019-02-18'),
	(2414, 5.00, 'проджект митинг (1,5 ч)\nКернел (3,5)', 'APPROVED', 79, '2019-02-18'),
	(2415, 1.00, 'Фикс модели', 'APPROVED', 686, '2019-02-18'),
	(2416, 7.00, 'Отчет, работа в офисе у САГА', 'APPROVED', 603, '2019-02-18'),
	(2417, 15.00, '', 'APPROVED', 612, '2019-02-18'),
	(2418, 8.00, '', 'APPROVED', 92, '2019-02-18'),
	(2419, 8.00, 'OPEL\nSPP\nKerama Mazzi', 'APPROVED', 46, '2019-02-18'),
	(2420, 32.00, 'Clach Report', 'APPROVED', 633, '2019-02-18'),
	(2421, 32.00, '', 'APPROVED', 289, '2019-02-18'),
	(2422, 8.00, '', 'APPROVED', 642, '2019-02-18'),
	(2423, 3.00, '', 'DECLINED', 661, '2019-02-04'),
	(2424, 2.00, '', 'APPROVED', 680, '2019-02-04'),
	(2425, 2.00, '', 'APPROVED', 665, '2019-02-04'),
	(2426, 4.00, '', 'APPROVED', 659, '2019-02-04'),
	(2427, 3.00, '', 'APPROVED', 448, '2019-02-11'),
	(2428, 2.00, '', 'DECLINED', 662, '2019-02-04'),
	(2429, 2.00, '', 'APPROVED', 663, '2019-02-04'),
	(2430, 16.00, '', 'APPROVED', 52, '2019-02-11'),
	(2431, 3.00, '', 'APPROVED', 631, '2019-02-11'),
	(2432, 2.00, 'совещание с заказчиком по перепланировкам АБК', 'DECLINED', 636, '2019-02-18'),
	(2433, 24.00, 'корректировка оконных проемов, узлы', 'APPROVED', 674, '2019-02-18'),
	(2434, 10.00, '', 'APPROVED', 177, '2019-02-18'),
	(2435, 30.00, '', 'APPROVED', 630, '2019-02-18'),
	(2436, 10.00, 'Мираторг, планировки лаборатории на отм. +10,800 над зоной приемки\r\n--- From User Start ---\r\nиз них - 2ч, - оценка трудоемкости работ по корректировке дверей и ворот.\r\n-- From User Start ---', 'APPROVED', 53, '2019-02-18'),
	(2437, 8.00, '', 'APPROVED', 484, '2019-02-01'),
	(2438, 40.00, '', 'APPROVED', 484, '2019-02-04'),
	(2439, 40.00, '', 'APPROVED', 484, '2019-02-11'),
	(2440, 40.00, '', 'APPROVED', 484, '2019-02-18'),
	(2441, 32.00, '', 'APPROVED', 484, '2019-02-25'),
	(2442, 8.00, '', 'APPROVED', 581, '2019-02-01'),
	(2443, 4.00, '', 'APPROVED', 659, '2019-02-11'),
	(2444, 2.00, '', 'DECLINED', 661, '2019-02-11'),
	(2445, 1.00, '', 'APPROVED', 665, '2019-02-11'),
	(2446, 1.00, '', 'DECLINED', 662, '2019-02-11'),
	(2447, 1.00, '', 'APPROVED', 680, '2019-02-11'),
	(2448, 8.00, '', 'APPROVED', 647, '2019-02-01'),
	(2449, 20.00, '', 'APPROVED', 699, '2019-02-18'),
	(2450, 20.00, '', 'APPROVED', 647, '2019-02-18'),
	(2451, 32.00, '', 'APPROVED', 647, '2019-02-25'),
	(2452, 8.00, '', 'APPROVED', 701, '2019-02-11'),
	(2453, 8.00, 'Yuria Farm and Darnytsa VR Presentations', 'APPROVED', 51, '2019-02-25'),
	(2454, 24.00, '', 'APPROVED', 629, '2019-02-25'),
	(2455, 16.00, '', 'APPROVED', 646, '2019-02-25'),
	(2456, 8.00, 'Переустановка системи та налаштування', 'APPROVED', 586, '2019-02-25'),
	(2457, 14.00, '', 'APPROVED', 155, '2019-02-25'),
	(2458, 32.00, '', 'APPROVED', 645, '2019-02-25'),
	(2459, 2.00, '', 'APPROVED', 663, '2019-02-11'),
	(2460, 24.00, 'моделирование конструкций перекрытия', 'APPROVED', 613, '2019-02-25'),
	(2461, 7.00, '', 'APPROVED', 639, '2019-02-25'),
	(2462, 2.00, 'Management Meeting', 'APPROVED', 584, '2019-02-25'),
	(2463, 26.00, '', 'APPROVED', 617, '2019-02-25'),
	(2464, 30.00, '', 'APPROVED', 615, '2019-02-25'),
	(2465, 2.00, '', 'APPROVED', 83, '2019-02-25'),
	(2466, 32.00, '', 'APPROVED', 614, '2019-02-25'),
	(2467, 19.00, '', 'APPROVED', 52, '2019-02-18'),
	(2468, 6.00, '', 'APPROVED', 87, '2019-02-18'),
	(2469, 2.00, '', 'APPROVED', 448, '2019-02-18'),
	(2470, 5.00, '', 'APPROVED', 659, '2019-02-18'),
	(2471, 1.00, '', 'DECLINED', 662, '2019-02-18'),
	(2472, 1.00, '', 'APPROVED', 665, '2019-02-18'),
	(2473, 2.00, '', 'APPROVED', 663, '2019-02-18'),
	(2474, 8.00, '', 'APPROVED', 177, '2019-02-25'),
	(2475, 24.00, '', 'APPROVED', 630, '2019-02-25'),
	(2476, 32.00, '', 'APPROVED', 644, '2019-02-25'),
	(2477, 6.00, '', 'APPROVED', 642, '2019-02-25'),
	(2478, 32.00, '', 'APPROVED', 209, '2019-02-25'),
	(2479, 26.00, '', 'DECLINED', 289, '2019-02-25'),
	(2480, 26.00, '', 'APPROVED', 694, '2019-02-25'),
	(2481, 16.00, '', 'APPROVED', 581, '2019-02-25'),
	(2482, 16.00, '', 'APPROVED', 171, '2019-02-25'),
	(2483, 24.00, '', 'APPROVED', 581, '2019-02-18'),
	(2484, 24.00, '', 'APPROVED', 581, '2019-02-11'),
	(2485, 32.00, '', 'APPROVED', 581, '2019-02-04'),
	(2486, 32.00, 'MHP\nStroy Aliance\r\n--- From User Start ---\r\nСПП\r\n-- From User Start ---', 'APPROVED', 46, '2019-02-25'),
	(2487, 32.00, '', 'APPROVED', 697, '2019-02-25'),
	(2488, 8.00, '', 'APPROVED', 85, '2019-02-25'),
	(2489, 24.00, '', 'DECLINED', 640, '2019-02-25'),
	(2490, 9.00, 'планировки лаборатории', 'APPROVED', 53, '2019-02-25'),
	(2491, 2.00, 'совещание с заказчиком Miratorg', 'APPROVED', 88, '2019-02-25'),
	(2492, 12.00, 'корректировка оконных проемов', 'APPROVED', 674, '2019-02-25'),
	(2493, 5.00, '', 'POSTED', 79, '2019-02-25'),
	(2494, 7.00, '', 'APPROVED', 92, '2019-02-25'),
	(2495, 6.00, '', 'APPROVED', 143, '2019-02-25'),
	(2496, 1.00, '', 'APPROVED', 565, '2019-02-25'),
	(2497, 10.00, '', 'APPROVED', 603, '2019-02-25'),
	(2498, 3.00, '', 'APPROVED', 612, '2019-02-25'),
	(2499, 8.00, '', 'PLANNED', 555, '2019-04-01'),
	(2500, 16.00, '', 'PLANNED', 555, '2019-01-07'),
	(2501, 32.00, '', 'PLANNED', 555, '2019-01-01'),
	(2502, 32.00, '', 'PLANNED', 555, '2018-12-24'),
	(2503, 16.00, '', 'PLANNED', 555, '2018-11-07'),
	(2504, 20.00, '', 'PLANNED', 555, '2019-02-04'),
	(2505, 40.00, '', 'PLANNED', 605, '2018-12-17'),
	(2506, 16.00, '', 'PLANNED', 605, '2018-12-24'),
	(2507, 1.00, '', 'PLANNED', 626, '2018-12-17'),
	(2508, 8.00, '', 'PLANNED', 658, '2018-12-03'),
	(2510, 16.00, '', 'PLANNED', 658, '2018-12-17'),
	(2511, 16.00, '', 'PLANNED', 658, '2018-12-24'),
	(2513, 32.00, '', 'PLANNED', 658, '2019-01-07'),
	(2514, 32.00, '', 'PLANNED', 658, '2019-01-14'),
	(2515, 32.00, '', 'PLANNED', 658, '2019-01-21'),
	(2516, 32.00, '', 'PLANNED', 658, '2019-01-28'),
	(2517, 4.00, '', 'PLANNED', 658, '2018-12-31'),
	(2518, 40.00, '', 'PLANNED', 684, '2019-02-11'),
	(2519, 13.00, '', 'PLANNED', 659, '2019-01-07'),
	(2520, 12.00, '', 'PLANNED', 659, '2019-01-14'),
	(2521, 6.00, '', 'PLANNED', 659, '2019-02-18'),
	(2524, 12.00, '', 'PLANNED', 660, '2019-01-21'),
	(2525, 12.00, '', 'PLANNED', 660, '2019-01-14'),
	(2526, 12.00, '', 'PLANNED', 660, '2019-01-07'),
	(2527, 4.00, '', 'PLANNED', 660, '2019-02-11'),
	(2533, 11.00, '', 'PLANNED', 663, '2019-01-07'),
	(2541, 20.00, '', 'PLANNED', 667, '2019-01-28'),
	(2542, 40.00, '', 'PLANNED', 667, '2019-01-21'),
	(2543, 40.00, '', 'PLANNED', 667, '2019-01-14'),
	(2552, 2.00, '', 'PLANNED', 565, '2019-02-04'),
	(2553, 28.00, '', 'PLANNED', 683, '2019-02-11'),
	(2554, 10.00, '', 'PLANNED', 683, '2019-03-04'),
	(2555, 10.00, '', 'PLANNED', 683, '2019-03-11'),
	(2556, 32.00, '', 'PLANNED', 669, '2019-02-04'),
	(2557, 10.00, '', 'PLANNED', 669, '2019-03-04'),
	(2558, 40.00, '', 'PLANNED', 702, '2019-03-25'),
	(2559, 4.00, '', 'PLANNED', 673, '2019-02-04'),
	(2560, 4.00, '', 'PLANNED', 664, '2019-02-04'),
	(2561, 5.00, '', 'PLANNED', 665, '2019-02-11'),
	(2562, 5.00, '', 'PLANNED', 682, '2019-02-11'),
	(2563, 30.00, '', 'PLANNED', 685, '2019-02-04'),
	(2564, 32.00, '', 'PLANNED', 674, '2019-02-04'),
	(2565, 18.00, '', 'PLANNED', 674, '2019-01-28'),
	(2566, 32.00, '', 'PLANNED', 674, '2019-02-18'),
	(2567, 14.00, '', 'PLANNED', 674, '2019-02-25'),
	(2568, 26.00, '', 'PLANNED', 675, '2019-02-11'),
	(2569, 32.00, '', 'PLANNED', 675, '2019-02-18'),
	(2570, 4.00, '', 'PLANNED', 662, '2019-02-11'),
	(2571, 4.00, '', 'PLANNED', 676, '2019-02-11'),
	(2572, 32.00, '', 'PLANNED', 678, '2019-02-04'),
	(2573, 32.00, '', 'PLANNED', 678, '2019-02-11'),
	(2574, 32.00, '', 'PLANNED', 678, '2019-02-18'),
	(2575, 24.00, '', 'PLANNED', 678, '2019-02-25'),
	(2576, 8.00, '', 'PLANNED', 678, '2019-01-28'),
	(2577, 4.00, '', 'PLANNED', 680, '2019-02-04'),
	(2578, 30.00, '', 'PLANNED', 679, '2019-02-18'),
	(2579, 32.00, '', 'PLANNED', 679, '2019-02-25'),
	(2580, 4.00, '', 'PLANNED', 681, '2019-02-18'),
	(2581, 4.00, '', 'PLANNED', 681, '2019-02-25'),
	(2582, 4.00, '', 'PLANNED', 680, '2019-02-25'),
	(2583, 32.00, '', 'PLANNED', 614, '2018-12-31'),
	(2584, 32.00, '', 'PLANNED', 614, '2019-01-07'),
	(2585, 36.00, '', 'PLANNED', 614, '2019-01-14'),
	(2586, 36.00, '', 'PLANNED', 614, '2019-01-21'),
	(2587, 32.00, '', 'PLANNED', 614, '2019-01-28'),
	(2588, 36.00, '', 'PLANNED', 614, '2019-02-04'),
	(2589, 36.00, '', 'PLANNED', 614, '2019-02-11'),
	(2590, 36.00, '', 'PLANNED', 614, '2019-02-18'),
	(2591, 32.00, '', 'PLANNED', 614, '2019-02-25'),
	(2592, 32.00, '', 'PLANNED', 614, '2019-03-04'),
	(2593, 36.00, '', 'PLANNED', 614, '2019-03-11'),
	(2594, 36.00, '', 'PLANNED', 614, '2019-03-18'),
	(2595, 36.00, '', 'PLANNED', 614, '2019-03-25'),
	(2596, 32.00, '', 'PLANNED', 614, '2019-04-01'),
	(2597, 32.00, '', 'PLANNED', 614, '2019-04-08'),
	(2598, 32.00, '', 'PLANNED', 614, '2019-04-15'),
	(2599, 32.00, '', 'PLANNED', 614, '2019-04-22'),
	(2600, 24.00, '', 'PLANNED', 614, '2019-05-01'),
	(2601, 8.00, '', 'PLANNED', 614, '2019-04-29'),
	(2602, 32.00, '', 'PLANNED', 614, '2019-05-06'),
	(2603, 32.00, '', 'PLANNED', 614, '2019-05-13'),
	(2604, 32.00, '', 'PLANNED', 614, '2019-05-20'),
	(2605, 32.00, '', 'PLANNED', 614, '2019-05-27'),
	(2606, 32.00, '', 'PLANNED', 614, '2019-06-03'),
	(2607, 32.00, '', 'PLANNED', 614, '2019-06-10'),
	(2608, 32.00, '', 'PLANNED', 614, '2019-06-17'),
	(2609, 32.00, '', 'PLANNED', 614, '2019-06-24'),
	(2610, 32.00, '', 'PLANNED', 614, '2019-07-01'),
	(2611, 36.00, '', 'PLANNED', 614, '2019-07-08'),
	(2614, 20.00, '', 'PLANNED', 618, '2019-03-18'),
	(2615, 20.00, '', 'PLANNED', 618, '2019-03-25'),
	(2616, 20.00, '', 'PLANNED', 618, '2019-04-01'),
	(2617, 20.00, '', 'PLANNED', 618, '2019-04-08'),
	(2618, 20.00, '', 'PLANNED', 618, '2019-04-15'),
	(2619, 20.00, '', 'PLANNED', 618, '2019-04-22'),
	(2620, 12.00, '', 'PLANNED', 618, '2019-05-01'),
	(2621, 8.00, '', 'PLANNED', 618, '2019-04-29'),
	(2622, 20.00, '', 'PLANNED', 618, '2019-05-06'),
	(2623, 20.00, '', 'PLANNED', 618, '2019-05-13'),
	(2624, 32.00, '', 'PLANNED', 615, '2019-01-14'),
	(2625, 32.00, '', 'PLANNED', 615, '2019-01-21'),
	(2626, 32.00, '', 'PLANNED', 615, '2019-01-28'),
	(2627, 32.00, '', 'PLANNED', 615, '2019-02-04'),
	(2628, 32.00, '', 'PLANNED', 615, '2019-02-11'),
	(2629, 32.00, '', 'PLANNED', 615, '2019-02-18'),
	(2630, 32.00, '', 'PLANNED', 615, '2019-02-25'),
	(2631, 32.00, '', 'PLANNED', 615, '2019-03-04'),
	(2632, 32.00, '', 'PLANNED', 615, '2019-03-11'),
	(2633, 32.00, '', 'PLANNED', 615, '2019-03-18'),
	(2634, 32.00, '', 'PLANNED', 615, '2019-03-25'),
	(2635, 32.00, '', 'PLANNED', 615, '2019-04-01'),
	(2636, 32.00, '', 'PLANNED', 615, '2019-04-08'),
	(2637, 32.00, '', 'PLANNED', 615, '2019-04-15'),
	(2638, 32.00, '', 'PLANNED', 615, '2019-04-22'),
	(2639, 24.00, '', 'PLANNED', 615, '2019-05-01'),
	(2640, 8.00, '', 'PLANNED', 615, '2019-04-29'),
	(2641, 32.00, '', 'PLANNED', 615, '2019-05-06'),
	(2642, 32.00, '', 'PLANNED', 615, '2019-05-13'),
	(2643, 32.00, '', 'PLANNED', 615, '2019-05-20'),
	(2644, 32.00, '', 'PLANNED', 615, '2019-05-27'),
	(2645, 32.00, '', 'PLANNED', 615, '2019-06-03'),
	(2646, 32.00, '', 'PLANNED', 615, '2019-06-10'),
	(2647, 32.00, '', 'PLANNED', 615, '2019-06-17'),
	(2648, 32.00, '', 'PLANNED', 615, '2019-06-24'),
	(2649, 32.00, '', 'PLANNED', 615, '2019-07-01'),
	(2650, 32.00, '', 'PLANNED', 615, '2019-07-08'),
	(2651, 12.00, '', 'PLANNED', 612, '2019-01-14'),
	(2652, 20.00, '', 'PLANNED', 612, '2019-01-21'),
	(2653, 25.00, '', 'PLANNED', 612, '2019-01-28'),
	(2654, 15.00, '', 'PLANNED', 612, '2019-02-04'),
	(2655, 15.00, '', 'PLANNED', 612, '2019-02-11'),
	(2656, 15.00, '', 'PLANNED', 612, '2019-02-18'),
	(2657, 10.00, '', 'PLANNED', 612, '2019-02-25'),
	(2658, 10.00, '', 'PLANNED', 612, '2019-03-04'),
	(2659, 10.00, '', 'PLANNED', 612, '2019-03-11'),
	(2660, 10.00, '', 'PLANNED', 612, '2019-03-18'),
	(2661, 10.00, '', 'PLANNED', 612, '2019-03-25'),
	(2662, 10.00, '', 'PLANNED', 612, '2019-04-01'),
	(2663, 10.00, '', 'PLANNED', 612, '2019-04-08'),
	(2664, 10.00, '', 'PLANNED', 612, '2019-04-15'),
	(2665, 10.00, '', 'PLANNED', 612, '2019-04-22'),
	(2666, 2.00, '', 'PLANNED', 612, '2019-05-01'),
	(2667, 8.00, '', 'PLANNED', 612, '2019-04-29'),
	(2668, 10.00, '', 'PLANNED', 612, '2019-05-06'),
	(2669, 10.00, '', 'PLANNED', 612, '2019-05-13'),
	(2670, 10.00, '', 'PLANNED', 612, '2019-05-20'),
	(2671, 10.00, '', 'PLANNED', 612, '2019-05-27'),
	(2672, 10.00, '', 'PLANNED', 612, '2019-06-03'),
	(2673, 10.00, '', 'PLANNED', 612, '2019-06-10'),
	(2674, 10.00, '', 'PLANNED', 612, '2019-06-17'),
	(2675, 10.00, '', 'PLANNED', 612, '2019-06-24'),
	(2676, 10.00, '', 'PLANNED', 612, '2019-07-01'),
	(2677, 20.00, '', 'PLANNED', 612, '2019-07-08'),
	(2678, 20.00, '', 'PLANNED', 617, '2019-01-14'),
	(2679, 20.00, '', 'PLANNED', 617, '2019-01-21'),
	(2680, 20.00, '', 'PLANNED', 617, '2019-01-28'),
	(2681, 16.00, '', 'PLANNED', 617, '2019-02-04'),
	(2682, 16.00, '', 'PLANNED', 617, '2019-02-11'),
	(2683, 16.00, '', 'PLANNED', 617, '2019-02-18'),
	(2685, 16.00, '', 'PLANNED', 617, '2019-03-04'),
	(2686, 16.00, '', 'PLANNED', 617, '2019-03-11'),
	(2687, 16.00, '', 'PLANNED', 617, '2019-03-18'),
	(2688, 16.00, '', 'PLANNED', 617, '2019-03-25'),
	(2689, 16.00, '', 'PLANNED', 617, '2019-04-01'),
	(2690, 16.00, '', 'PLANNED', 617, '2019-04-08'),
	(2691, 16.00, '', 'PLANNED', 617, '2019-04-15'),
	(2692, 16.00, '', 'PLANNED', 617, '2019-04-22'),
	(2693, 8.00, '', 'PLANNED', 617, '2019-05-01'),
	(2694, 8.00, '', 'PLANNED', 617, '2019-04-29'),
	(2695, 16.00, '', 'PLANNED', 617, '2019-05-06'),
	(2696, 16.00, '', 'PLANNED', 617, '2019-05-13'),
	(2697, 16.00, '', 'PLANNED', 617, '2019-05-20'),
	(2698, 16.00, '', 'PLANNED', 617, '2019-05-27'),
	(2699, 32.00, '', 'PLANNED', 617, '2019-06-03'),
	(2700, 16.00, '', 'PLANNED', 617, '2019-06-10'),
	(2701, 16.00, '', 'PLANNED', 617, '2019-06-17'),
	(2702, 16.00, '', 'PLANNED', 617, '2019-06-24'),
	(2703, 16.00, '', 'PLANNED', 617, '2019-07-01'),
	(2704, 16.00, '', 'PLANNED', 617, '2019-07-08'),
	(2705, 4.00, '', 'APPROVED', 631, '2019-02-18'),
	(2706, 4.00, '', 'APPROVED', 631, '2019-02-25'),
	(2707, 5.00, '', 'APPROVED', 87, '2019-02-25'),
	(2708, 20.00, '', 'PLANNED', 618, '2019-05-20'),
	(2709, 20.00, '', 'PLANNED', 618, '2019-05-27'),
	(2710, 20.00, '', 'PLANNED', 618, '2019-06-03'),
	(2711, 20.00, '', 'PLANNED', 618, '2019-06-10'),
	(2712, 20.00, '', 'PLANNED', 618, '2019-06-17'),
	(2713, 20.00, '', 'PLANNED', 618, '2019-06-24'),
	(2714, 40.00, '', 'PLANNED', 613, '2019-01-14'),
	(2715, 32.00, '', 'PLANNED', 613, '2019-02-25'),
	(2716, 32.00, '', 'PLANNED', 617, '2019-07-15'),
	(2717, 12.00, '', 'APPROVED', 52, '2019-02-25'),
	(2718, 2.00, '', 'APPROVED', 448, '2019-02-25'),
	(2719, 40.00, '', 'PLANNED', 619, '2019-01-14'),
	(2720, 12.00, '', 'PLANNED', 619, '2019-01-21'),
	(2721, 4.00, '', 'APPROVED', 659, '2019-02-25'),
	(2722, 32.00, '', 'PLANNED', 703, '2019-05-13'),
	(2723, 32.00, '', 'PLANNED', 703, '2019-05-20'),
	(2724, 32.00, '', 'PLANNED', 703, '2019-05-27'),
	(2725, 20.00, '', 'PLANNED', 703, '2019-06-03'),
	(2726, 8.00, '', 'PLANNED', 703, '2019-06-10'),
	(2727, 32.00, '', 'PLANNED', 704, '2019-05-13'),
	(2728, 32.00, '', 'PLANNED', 704, '2019-05-20'),
	(2729, 32.00, '', 'PLANNED', 704, '2019-05-27'),
	(2730, 20.00, '', 'PLANNED', 704, '2019-06-03'),
	(2731, 8.00, '', 'PLANNED', 704, '2019-06-10'),
	(2732, 32.00, '', 'PLANNED', 566, '2019-05-13'),
	(2733, 32.00, '', 'PLANNED', 566, '2019-05-20'),
	(2734, 32.00, '', 'PLANNED', 566, '2019-05-27'),
	(2735, 20.00, '', 'PLANNED', 566, '2019-06-03'),
	(2736, 8.00, '', 'PLANNED', 566, '2019-06-10'),
	(2737, 32.00, '', 'PLANNED', 567, '2019-05-13'),
	(2738, 32.00, '', 'PLANNED', 567, '2019-05-20'),
	(2739, 32.00, '', 'PLANNED', 567, '2019-05-27'),
	(2740, 32.00, '', 'PLANNED', 567, '2019-06-03'),
	(2741, 32.00, '', 'PLANNED', 567, '2019-06-10'),
	(2742, 32.00, '', 'PLANNED', 567, '2019-06-17'),
	(2743, 32.00, '', 'PLANNED', 567, '2019-06-24'),
	(2744, 32.00, '', 'PLANNED', 567, '2019-07-01'),
	(2745, 32.00, '', 'PLANNED', 568, '2019-05-13'),
	(2746, 32.00, '', 'PLANNED', 568, '2019-05-20'),
	(2747, 32.00, '', 'PLANNED', 568, '2019-05-27'),
	(2748, 32.00, '', 'PLANNED', 568, '2019-06-03'),
	(2749, 32.00, '', 'PLANNED', 568, '2019-06-10'),
	(2750, 32.00, '', 'PLANNED', 568, '2019-06-17'),
	(2751, 32.00, '', 'PLANNED', 568, '2019-06-24'),
	(2752, 32.00, '', 'PLANNED', 568, '2019-07-01'),
	(2753, 32.00, '', 'PLANNED', 705, '2019-05-13'),
	(2754, 32.00, '', 'PLANNED', 705, '2019-05-20'),
	(2755, 32.00, '', 'PLANNED', 705, '2019-05-27'),
	(2756, 32.00, '', 'PLANNED', 705, '2019-06-03'),
	(2757, 32.00, '', 'PLANNED', 705, '2019-06-10'),
	(2758, 32.00, '', 'PLANNED', 706, '2019-05-13'),
	(2759, 32.00, '', 'PLANNED', 706, '2019-05-20'),
	(2760, 32.00, '', 'PLANNED', 706, '2019-05-27'),
	(2761, 32.00, '', 'PLANNED', 706, '2019-06-03'),
	(2762, 32.00, '', 'PLANNED', 706, '2019-06-10'),
	(2763, 32.00, '', 'PLANNED', 707, '2019-05-13'),
	(2764, 32.00, '', 'PLANNED', 707, '2019-05-20'),
	(2765, 16.00, '', 'PLANNED', 707, '2019-05-27'),
	(2766, 1.00, '', 'APPROVED', 665, '2019-02-25'),
	(2767, 1.00, '', 'DECLINED', 662, '2019-02-25'),
	(2768, 2.00, '', 'APPROVED', 680, '2019-02-25'),
	(2769, 1.00, '', 'APPROVED', 663, '2019-02-25'),
	(2770, 8.00, '', 'PLANNED', 553, '2019-04-08'),
	(2772, 8.00, '', 'PLANNED', 553, '2019-04-22'),
	(2774, 8.00, '', 'PLANNED', 553, '2019-05-06'),
	(2775, 8.00, '', 'PLANNED', 289, '2019-03-04'),
	(2776, 16.00, '', 'PLANNED', 289, '2019-03-11'),
	(2777, 16.00, '', 'PLANNED', 289, '2019-03-18'),
	(2778, 16.00, '', 'PLANNED', 289, '2019-03-25'),
	(2779, 32.00, '', 'PLANNED', 289, '2019-04-01'),
	(2780, 32.00, '', 'PLANNED', 289, '2019-04-08'),
	(2781, 32.00, '', 'PLANNED', 289, '2019-04-15'),
	(2782, 12.00, '', 'PLANNED', 289, '2019-04-22'),
	(2783, 8.00, '', 'PLANNED', 457, '2019-03-04'),
	(2784, 8.00, '', 'PLANNED', 457, '2019-03-11'),
	(2785, 8.00, '', 'PLANNED', 457, '2019-03-18'),
	(2786, 8.00, '', 'PLANNED', 457, '2019-03-25'),
	(2787, 32.00, '', 'PLANNED', 481, '2019-03-04'),
	(2788, 32.00, '', 'PLANNED', 481, '2019-03-11'),
	(2789, 32.00, '', 'PLANNED', 481, '2019-03-18'),
	(2790, 8.00, '', 'PLANNED', 642, '2019-02-11'),
	(2791, 8.00, '', 'PLANNED', 642, '2019-02-18'),
	(2792, 8.00, '', 'PLANNED', 642, '2019-02-25'),
	(2793, 8.00, '', 'PLANNED', 642, '2019-03-04'),
	(2794, 24.00, '', 'PLANNED', 642, '2019-03-11'),
	(2795, 24.00, '', 'PLANNED', 642, '2019-03-18'),
	(2796, 16.00, '', 'PLANNED', 642, '2019-03-25'),
	(2797, 40.00, '', 'PLANNED', 642, '2019-04-22'),
	(2798, 24.00, '', 'PLANNED', 642, '2019-05-01'),
	(2799, 8.00, '', 'PLANNED', 642, '2019-04-29'),
	(2800, 32.00, '', 'PLANNED', 644, '2019-02-11'),
	(2801, 32.00, '', 'PLANNED', 644, '2019-02-18'),
	(2802, 32.00, '', 'PLANNED', 644, '2019-02-25'),
	(2803, 8.00, '', 'PLANNED', 644, '2019-03-04'),
	(2804, 8.00, '', 'PLANNED', 644, '2019-03-11'),
	(2805, 8.00, '', 'PLANNED', 643, '2019-02-11'),
	(2806, 8.00, '', 'PLANNED', 643, '2019-02-18'),
	(2807, 8.00, '', 'PLANNED', 643, '2019-02-25'),
	(2808, 24.00, '', 'PLANNED', 643, '2019-03-04'),
	(2809, 24.00, '', 'PLANNED', 643, '2019-03-11'),
	(2810, 20.00, '', 'PLANNED', 603, '2019-01-07'),
	(2811, 20.00, '', 'PLANNED', 603, '2019-01-14'),
	(2812, 20.00, '', 'PLANNED', 603, '2019-01-21'),
	(2813, 10.00, '', 'PLANNED', 603, '2019-01-28'),
	(2814, 10.00, '', 'PLANNED', 603, '2019-02-04'),
	(2815, 10.00, '', 'PLANNED', 603, '2019-02-11'),
	(2816, 10.00, '', 'PLANNED', 603, '2019-02-18'),
	(2817, 10.00, '', 'PLANNED', 603, '2019-02-25'),
	(2818, 10.00, '', 'PLANNED', 603, '2019-03-04'),
	(2819, 16.00, '', 'PLANNED', 603, '2019-03-11'),
	(2820, 16.00, '', 'PLANNED', 603, '2019-03-18'),
	(2821, 16.00, '', 'PLANNED', 603, '2019-03-25'),
	(2822, 16.00, '', 'PLANNED', 603, '2019-04-01'),
	(2823, 16.00, '', 'PLANNED', 603, '2019-04-08'),
	(2824, 16.00, '', 'PLANNED', 603, '2019-04-15'),
	(2825, 16.00, '', 'PLANNED', 603, '2019-04-22'),
	(2826, 8.00, '', 'PLANNED', 603, '2019-05-01'),
	(2827, 8.00, '', 'PLANNED', 603, '2019-04-29'),
	(2828, 16.00, '', 'PLANNED', 603, '2019-05-06'),
	(2829, 16.00, '', 'PLANNED', 603, '2019-05-13'),
	(2830, 16.00, '', 'PLANNED', 603, '2019-05-20'),
	(2831, 16.00, '', 'PLANNED', 603, '2019-05-27'),
	(2832, 8.00, '', 'PLANNED', 603, '2019-06-03'),
	(2833, 8.00, '', 'PLANNED', 603, '2019-06-10'),
	(2834, 8.00, '', 'PLANNED', 603, '2019-06-17'),
	(2835, 8.00, '', 'PLANNED', 603, '2019-06-24'),
	(2836, 8.00, '', 'PLANNED', 603, '2019-07-01'),
	(2837, 8.00, '', 'PLANNED', 603, '2019-07-08'),
	(2838, 8.00, '', 'PLANNED', 603, '2019-07-15'),
	(2839, 8.00, '', 'PLANNED', 603, '2019-07-22'),
	(2840, 8.00, '', 'PLANNED', 603, '2019-07-29'),
	(2841, 8.00, '', 'PLANNED', 603, '2019-08-05'),
	(2842, 8.00, '', 'PLANNED', 603, '2019-08-12'),
	(2843, 8.00, '', 'PLANNED', 603, '2019-08-19'),
	(2844, 8.00, '', 'PLANNED', 603, '2019-08-26'),
	(2845, 8.00, '', 'PLANNED', 603, '2019-09-02'),
	(2846, 8.00, '', 'PLANNED', 603, '2019-09-09'),
	(2847, 8.00, '', 'PLANNED', 603, '2019-09-16'),
	(2848, 8.00, '', 'PLANNED', 603, '2019-09-23'),
	(2849, 8.00, '', 'PLANNED', 603, '2019-09-30'),
	(2850, 8.00, '', 'PLANNED', 603, '2019-10-07'),
	(2851, 8.00, '', 'PLANNED', 603, '2019-10-14'),
	(2852, 8.00, '', 'PLANNED', 603, '2019-10-21'),
	(2853, 8.00, '', 'PLANNED', 603, '2019-10-28'),
	(2854, 8.00, '', 'PLANNED', 603, '2019-11-04'),
	(2855, 8.00, '', 'PLANNED', 603, '2019-11-11'),
	(2856, 8.00, '', 'PLANNED', 603, '2019-11-18'),
	(2857, 8.00, '', 'PLANNED', 603, '2019-11-25'),
	(2858, 8.00, '', 'PLANNED', 603, '2019-12-02'),
	(2859, 8.00, '', 'PLANNED', 603, '2019-12-09'),
	(2860, 8.00, '', 'PLANNED', 603, '2019-12-16'),
	(2861, 8.00, '', 'PLANNED', 603, '2019-12-23'),
	(2862, 14.00, '', 'PLANNED', 604, '2019-06-03'),
	(2863, 14.00, '', 'PLANNED', 604, '2019-06-10'),
	(2864, 14.00, '', 'PLANNED', 604, '2019-06-17'),
	(2865, 14.00, '', 'PLANNED', 604, '2019-06-24'),
	(2866, 14.00, '', 'PLANNED', 604, '2019-07-01'),
	(2867, 14.00, '', 'PLANNED', 604, '2019-07-08'),
	(2868, 14.00, '', 'PLANNED', 604, '2019-07-15'),
	(2869, 14.00, '', 'PLANNED', 604, '2019-07-22'),
	(2870, 14.00, '', 'PLANNED', 604, '2019-07-29'),
	(2871, 14.00, '', 'PLANNED', 604, '2019-08-05'),
	(2872, 14.00, '', 'PLANNED', 604, '2019-08-12'),
	(2873, 14.00, '', 'PLANNED', 604, '2019-08-19'),
	(2874, 14.00, '', 'PLANNED', 604, '2019-08-26'),
	(2875, 14.00, '', 'PLANNED', 604, '2019-09-02'),
	(2876, 14.00, '', 'PLANNED', 604, '2019-09-09'),
	(2877, 14.00, '', 'PLANNED', 604, '2019-09-16'),
	(2878, 14.00, '', 'PLANNED', 604, '2019-09-23'),
	(2879, 6.00, '', 'PLANNED', 604, '2019-10-01'),
	(2880, 8.00, '', 'PLANNED', 604, '2019-09-30'),
	(2881, 14.00, '', 'PLANNED', 604, '2019-10-07'),
	(2882, 14.00, '', 'PLANNED', 604, '2019-10-14'),
	(2883, 14.00, '', 'PLANNED', 604, '2019-10-21'),
	(2884, 14.00, '', 'PLANNED', 604, '2019-10-28'),
	(2885, 14.00, '', 'PLANNED', 604, '2019-11-04'),
	(2886, 14.00, '', 'PLANNED', 604, '2019-11-11'),
	(2887, 14.00, '', 'PLANNED', 604, '2019-11-18'),
	(2888, 14.00, '', 'PLANNED', 604, '2019-11-25'),
	(2889, 14.00, '', 'PLANNED', 604, '2019-12-02'),
	(2890, 14.00, '', 'PLANNED', 604, '2019-12-09'),
	(2891, 14.00, '', 'PLANNED', 604, '2019-12-16'),
	(2892, 14.00, '', 'PLANNED', 604, '2019-12-23'),
	(2893, 16.00, '', 'PLANNED', 604, '2019-03-04'),
	(2894, 16.00, '', 'PLANNED', 604, '2019-03-11'),
	(2895, 16.00, '', 'PLANNED', 604, '2019-03-18'),
	(2896, 16.00, '', 'PLANNED', 604, '2019-03-25'),
	(2897, 16.00, '', 'PLANNED', 604, '2019-04-01'),
	(2898, 16.00, '', 'PLANNED', 604, '2019-04-08'),
	(2899, 16.00, '', 'PLANNED', 604, '2019-04-15'),
	(2900, 16.00, '', 'PLANNED', 604, '2019-04-22'),
	(2901, 8.00, '', 'PLANNED', 604, '2019-05-01'),
	(2902, 8.00, '', 'PLANNED', 604, '2019-04-29'),
	(2903, 16.00, '', 'PLANNED', 604, '2019-05-06'),
	(2904, 16.00, '', 'PLANNED', 604, '2019-05-13'),
	(2905, 16.00, '', 'PLANNED', 604, '2019-05-20'),
	(2906, 16.00, '', 'PLANNED', 604, '2019-05-27'),
	(2907, 6.00, '', 'PLANNED', 604, '2019-02-18'),
	(2908, 6.00, '', 'PLANNED', 604, '2019-02-11'),
	(2909, 6.00, '', 'PLANNED', 604, '2019-02-04'),
	(2910, 4.00, '', 'PLANNED', 604, '2019-01-07'),
	(2911, 4.00, '', 'PLANNED', 604, '2019-01-14'),
	(2912, 8.00, '', 'PLANNED', 708, '2019-07-01'),
	(2913, 8.00, '', 'PLANNED', 708, '2019-07-08'),
	(2914, 8.00, '', 'PLANNED', 708, '2019-07-15'),
	(2915, 8.00, '', 'PLANNED', 708, '2019-07-22'),
	(2916, 8.00, '', 'PLANNED', 708, '2019-07-29'),
	(2917, 8.00, '', 'PLANNED', 708, '2019-08-05'),
	(2918, 8.00, '', 'PLANNED', 708, '2019-08-12'),
	(2919, 8.00, '', 'PLANNED', 708, '2019-08-19'),
	(2920, 8.00, '', 'PLANNED', 708, '2019-08-26'),
	(2921, 8.00, '', 'PLANNED', 708, '2019-09-02'),
	(2922, 8.00, '', 'PLANNED', 708, '2019-09-09'),
	(2923, 8.00, '', 'PLANNED', 708, '2019-09-16'),
	(2924, 8.00, '', 'PLANNED', 708, '2019-09-23'),
	(2925, 8.00, '', 'PLANNED', 708, '2019-09-30'),
	(2926, 8.00, '', 'PLANNED', 708, '2019-10-07'),
	(2927, 8.00, '', 'PLANNED', 708, '2019-10-14'),
	(2928, 8.00, '', 'PLANNED', 708, '2019-10-21'),
	(2929, 8.00, '', 'PLANNED', 708, '2019-10-28'),
	(2930, 8.00, '', 'PLANNED', 708, '2019-11-04'),
	(2931, 8.00, '', 'PLANNED', 708, '2019-11-11'),
	(2932, 8.00, '', 'PLANNED', 708, '2019-11-18'),
	(2933, 8.00, '', 'PLANNED', 708, '2019-11-25'),
	(2934, 8.00, '', 'PLANNED', 708, '2019-12-02'),
	(2935, 8.00, '', 'PLANNED', 708, '2019-12-09'),
	(2936, 8.00, '', 'PLANNED', 708, '2019-12-16'),
	(2937, 8.00, '', 'PLANNED', 708, '2019-12-23'),
	(2938, 8.00, '', 'PLANNED', 709, '2019-07-01'),
	(2939, 8.00, '', 'PLANNED', 709, '2019-07-08'),
	(2940, 8.00, '', 'PLANNED', 709, '2019-07-15'),
	(2941, 8.00, '', 'PLANNED', 709, '2019-07-22'),
	(2942, 8.00, '', 'PLANNED', 709, '2019-07-29'),
	(2943, 8.00, '', 'PLANNED', 709, '2019-08-05'),
	(2944, 8.00, '', 'PLANNED', 709, '2019-08-12'),
	(2945, 8.00, '', 'PLANNED', 709, '2019-08-19'),
	(2946, 8.00, '', 'PLANNED', 709, '2019-08-26'),
	(2947, 8.00, '', 'PLANNED', 709, '2019-09-02'),
	(2948, 8.00, '', 'PLANNED', 709, '2019-09-09'),
	(2949, 8.00, '', 'PLANNED', 709, '2019-09-16'),
	(2950, 8.00, '', 'PLANNED', 709, '2019-09-23'),
	(2951, 8.00, '', 'PLANNED', 709, '2019-09-30'),
	(2952, 8.00, '', 'PLANNED', 709, '2019-10-07'),
	(2953, 8.00, '', 'PLANNED', 709, '2019-10-14'),
	(2954, 8.00, '', 'PLANNED', 709, '2019-10-21'),
	(2955, 8.00, '', 'PLANNED', 709, '2019-10-28'),
	(2956, 8.00, '', 'PLANNED', 709, '2019-11-04'),
	(2957, 8.00, '', 'PLANNED', 709, '2019-11-11'),
	(2958, 8.00, '', 'PLANNED', 709, '2019-11-18'),
	(2959, 8.00, '', 'PLANNED', 709, '2019-11-25'),
	(2960, 8.00, '', 'PLANNED', 709, '2019-12-02'),
	(2961, 8.00, '', 'PLANNED', 709, '2019-12-09'),
	(2962, 8.00, '', 'PLANNED', 709, '2019-12-16'),
	(2963, 8.00, '', 'PLANNED', 709, '2019-12-23'),
	(2964, 16.00, '', 'PLANNED', 696, '2019-05-01'),
	(2965, 8.00, '', 'PLANNED', 696, '2019-04-29'),
	(2966, 16.00, '', 'PLANNED', 696, '2019-08-01'),
	(2967, 24.00, '', 'PLANNED', 696, '2019-07-29'),
	(2968, 40.00, '', 'PLANNED', 696, '2019-08-05'),
	(2969, 40.00, '', 'PLANNED', 696, '2019-08-12'),
	(2970, 40.00, '', 'PLANNED', 696, '2019-08-19'),
	(2971, 40.00, '', 'PLANNED', 696, '2019-08-26'),
	(2972, 40.00, '', 'PLANNED', 696, '2019-09-02'),
	(2973, 40.00, '', 'PLANNED', 696, '2019-09-09'),
	(2974, 40.00, '', 'PLANNED', 696, '2019-09-16'),
	(2975, 40.00, '', 'PLANNED', 696, '2019-09-23'),
	(2976, 32.00, '', 'PLANNED', 696, '2019-10-01'),
	(2977, 8.00, '', 'PLANNED', 696, '2019-09-30'),
	(2978, 40.00, '', 'PLANNED', 696, '2019-10-07'),
	(2979, 40.00, '', 'PLANNED', 696, '2019-10-14'),
	(2980, 40.00, '', 'PLANNED', 696, '2019-10-21'),
	(2981, 8.00, '', 'PLANNED', 696, '2019-11-01'),
	(2982, 32.00, '', 'PLANNED', 696, '2019-10-28'),
	(2983, 40.00, '', 'PLANNED', 696, '2019-11-04'),
	(2984, 40.00, '', 'PLANNED', 696, '2019-11-11'),
	(2985, 40.00, '', 'PLANNED', 696, '2019-11-18'),
	(2986, 40.00, '', 'PLANNED', 696, '2019-11-25'),
	(2987, 40.00, '', 'PLANNED', 696, '2019-12-02'),
	(2988, 40.00, '', 'PLANNED', 696, '2019-12-09'),
	(2989, 40.00, '', 'PLANNED', 696, '2019-12-16'),
	(2990, 32.00, '', 'PLANNED', 696, '2019-12-23'),
	(2991, 8.00, '', 'POSTED', 547, '2019-02-25'),
	(2992, 8.00, '', 'POSTED', 574, '2019-02-25'),
	(2993, 16.00, '', 'APPROVED', 678, '2019-02-25'),
	(2999, 3.00, '', 'APPROVED', 660, '2019-02-04'),
	(3000, 2.00, '', 'APPROVED', 660, '2019-02-11'),
	(3001, 2.00, '', 'APPROVED', 710, '2019-02-04'),
	(3002, 1.00, '', 'APPROVED', 710, '2019-02-11'),
	(3003, 1.00, '', 'APPROVED', 710, '2019-02-18'),
	(3004, 1.00, '', 'APPROVED', 710, '2019-02-25'),
	(3006, 10.00, '', 'APPROVED', 711, '2019-02-25'),
	(3007, 24.00, '', 'APPROVED', 209, '2019-03-11'),
	(3008, 16.00, '', 'APPROVED', 212, '2019-03-11'),
	(3009, 32.00, '', 'APPROVED', 212, '2019-03-18'),
	(3010, 8.00, '', 'APPROVED', 209, '2019-03-18'),
	(3011, 8.00, '', 'APPROVED', 645, '2019-03-01'),
	(3012, 32.00, '', 'APPROVED', 645, '2019-03-04'),
	(3013, 6.00, '4ч - оценка часов для разработки доп креплений стеновых панелей к бетонным стенам, 6ч - подсчет бетона стен лестниц и внесение изменений в чертежи чертежи\r\n--- From User Start ---\r\n4ч - WO? замена мерзлого грунта, 14ч - WO? доп крепление стеновых панелей к бетону\r\n-- From User Start ---\r\n--- From User Start ---\r\nподсчет бетона стен лестниц и внесение изменений в чертежи чертежи\r\n-- From User Start ---', 'APPROVED', 639, '2019-03-04'),
	(3014, 8.00, 'ТЗ для шаблона', 'APPROVED', 550, '2019-03-01'),
	(3015, 4.00, 'ТЗ для шаблона', 'APPROVED', 550, '2019-03-04'),
	(3016, 8.00, '', 'APPROVED', 614, '2019-03-01'),
	(3017, 32.00, '', 'APPROVED', 614, '2019-03-04'),
	(3018, 4.00, '', 'PLANNED', 720, '2019-03-11'),
	(3019, 4.00, '', 'PLANNED', 720, '2019-03-18'),
	(3020, 8.00, '', 'DECLINED', 720, '2019-03-01'),
	(3021, 24.00, '', 'DECLINED', 720, '2019-03-04'),
	(3022, 7.00, 'Civil, Structural and Architectural Departure\r\n--- From User Start ---\r\nand others meetings\r\n-- From User Start ---', 'APPROVED', 85, '2019-03-11'),
	(3023, 1.00, '0026-20-70P STROYALYANS_WH16\r\n--- From User Start ---\r\nKaliningrad\r\n-- From User Start ---', 'APPROVED', 50, '2019-03-11'),
	(3024, 4.00, '0026-20-70P STROYALYANS_WH16', 'APPROVED', 50, '2019-03-04'),
	(3025, 4.00, 'Civil, Structural and Architectural Departure', 'APPROVED', 85, '2019-03-04'),
	(3026, 4.00, '', 'APPROVED', 617, '2019-03-01'),
	(3027, 8.00, '', 'APPROVED', 547, '2019-03-01'),
	(3028, 8.00, '', 'APPROVED', 547, '2019-03-04'),
	(3029, 8.00, '', 'APPROVED', 574, '2019-03-04'),
	(3030, 16.00, '', 'DECLINED', 678, '2019-03-04'),
	(3031, 4.00, '', 'APPROVED', 584, '2019-03-01'),
	(3032, 8.00, '', 'APPROVED', 646, '2019-03-04'),
	(3033, 8.00, '', 'APPROVED', 213, '2019-03-04'),
	(3034, 16.00, '', 'POSTED', 171, '2019-03-04'),
	(3035, 8.00, '', 'POSTED', 171, '2019-03-01'),
	(3036, 24.00, '', 'APPROVED', 694, '2019-03-04'),
	(3037, 8.00, '', 'APPROVED', 694, '2019-03-01'),
	(3038, 16.00, '', 'APPROVED', 617, '2019-03-04'),
	(3039, 4.00, '', 'APPROVED', 714, '2019-03-04'),
	(3040, 2.00, '', 'APPROVED', 716, '2019-03-04'),
	(3041, 3.00, '', 'APPROVED', 604, '2019-03-04'),
	(3042, 4.00, '', 'APPROVED', 584, '2019-03-04'),
	(3043, 3.00, 'Evraz', 'APPROVED', 511, '2019-03-04'),
	(3044, 8.00, '', 'APPROVED', 289, '2019-03-04'),
	(3045, 31.00, '', 'APPROVED', 615, '2019-03-04'),
	(3046, 1.00, '\r\n--- От Пользователя ---\r\nпразднование\r\n--- От Пользователя ---', 'APPROVED', 83, '2019-03-04'),
	(3047, 5.00, '', 'APPROVED', 615, '2019-03-01'),
	(3048, 2.00, '0026-20-70P_STROYALYANS_WH16  - комментарии к техзаданию', 'APPROVED', 48, '2019-03-01'),
	(3049, 1.00, 'BOD', 'APPROVED', 83, '2019-03-01'),
	(3050, 8.00, '', 'APPROVED', 711, '2019-03-01'),
	(3051, 8.00, '', 'APPROVED', 711, '2019-03-04'),
	(3052, 16.00, '', 'APPROVED', 155, '2019-03-04'),
	(3053, 24.00, '', 'DECLINED', 720, '2019-02-25'),
	(3054, 8.00, '', 'APPROVED', 713, '2019-03-01'),
	(3055, 24.00, '', 'APPROVED', 713, '2019-03-04'),
	(3056, 24.00, '', 'APPROVED', 713, '2019-02-25'),
	(3057, 24.00, 'АГО', 'APPROVED', 712, '2019-03-04'),
	(3058, 8.00, 'АГО', 'APPROVED', 712, '2019-03-01'),
	(3059, 24.00, '', 'PLANNED', 768, '2019-03-04'),
	(3060, 24.00, '', 'PLANNED', 768, '2019-03-11'),
	(3061, 24.00, '', 'PLANNED', 768, '2019-03-18'),
	(3062, 24.00, '', 'PLANNED', 768, '2019-03-25'),
	(3063, 8.00, '', 'APPROVED', 644, '2019-03-01'),
	(3064, 8.00, '', 'APPROVED', 647, '2019-03-01'),
	(3065, 24.00, '', 'APPROVED', 647, '2019-03-04'),
	(3066, 8.00, '', 'APPROVED', 644, '2019-03-04'),
	(3067, 24.00, '', 'APPROVED', 474, '2019-03-04'),
	(3068, 20.00, '', 'PLANNED', 769, '2019-03-04'),
	(3069, 20.00, '', 'PLANNED', 769, '2019-03-11'),
	(3070, 20.00, '', 'PLANNED', 769, '2019-03-18'),
	(3071, 22.00, '', 'APPROVED', 769, '2019-03-04'),
	(3072, 8.00, '', 'APPROVED', 177, '2019-03-01'),
	(3073, 4.00, '', 'APPROVED', 612, '2019-03-01'),
	(3074, 2.00, '', 'APPROVED', 79, '2019-03-01'),
	(3075, 2.00, '', 'APPROVED', 92, '2019-03-01'),
	(3076, 24.00, '', 'APPROVED', 630, '2019-03-04'),
	(3077, 6.00, '', 'APPROVED', 79, '2019-03-04'),
	(3078, 6.00, '', 'APPROVED', 92, '2019-03-04'),
	(3079, 10.00, '', 'APPROVED', 612, '2019-03-04'),
	(3080, 6.00, '', 'APPROVED', 143, '2019-03-04'),
	(3081, 4.00, '', 'APPROVED', 603, '2019-03-04'),
	(3082, 8.00, '2-mond', 'APPROVED', 92, '2019-03-11'),
	(3083, 6.00, '2 mond', 'APPROVED', 79, '2019-03-11'),
	(3084, 8.00, '3-mond', 'APPROVED', 612, '2019-03-11'),
	(3085, 8.00, '', 'APPROVED', 177, '2019-03-04'),
	(3086, 8.00, '', 'APPROVED', 629, '2019-03-01'),
	(3087, 32.00, '', 'APPROVED', 629, '2019-03-04'),
	(3088, 40.00, '', 'PLANNED', 473, '2019-04-08'),
	(3089, 40.00, '', 'PLANNED', 473, '2019-04-15'),
	(3090, 8.00, '', 'PLANNED', 473, '2019-04-22'),
	(3119, 20.00, '', 'PLANNED', 770, '2019-05-27'),
	(3120, 20.00, '', 'PLANNED', 770, '2019-05-20'),
	(3121, 20.00, '', 'PLANNED', 770, '2019-05-13'),
	(3122, 20.00, '', 'PLANNED', 770, '2019-05-06'),
	(3123, 12.00, '', 'PLANNED', 770, '2019-05-01'),
	(3124, 8.00, '', 'PLANNED', 770, '2019-04-29'),
	(3125, 20.00, '', 'PLANNED', 770, '2019-04-22'),
	(3126, 20.00, '', 'PLANNED', 770, '2019-04-15'),
	(3127, 20.00, '', 'PLANNED', 770, '2019-04-08'),
	(3128, 20.00, '', 'PLANNED', 770, '2019-04-01'),
	(3129, 20.00, '', 'PLANNED', 770, '2019-03-25'),
	(3130, 20.00, '', 'PLANNED', 770, '2019-03-18'),
	(3131, 20.00, '', 'PLANNED', 770, '2019-03-11'),
	(3132, 20.00, '', 'PLANNED', 770, '2019-03-04'),
	(3133, 16.00, '', 'PLANNED', 514, '2019-04-15'),
	(3134, 16.00, '', 'PLANNED', 771, '2019-03-11'),
	(3135, 10.00, '', 'PLANNED', 771, '2019-03-18'),
	(3136, 16.00, '', 'PLANNED', 771, '2019-03-25'),
	(3137, 16.00, '', 'PLANNED', 772, '2019-03-04'),
	(3138, 16.00, '', 'PLANNED', 772, '2019-03-11'),
	(3139, 12.00, '', 'PLANNED', 772, '2019-03-18'),
	(3140, 12.00, '', 'PLANNED', 772, '2019-03-25'),
	(3141, 12.00, '', 'PLANNED', 772, '2019-04-01'),
	(3142, 12.00, '', 'PLANNED', 772, '2019-04-08'),
	(3143, 12.00, '', 'PLANNED', 772, '2019-04-15'),
	(3144, 12.00, '', 'PLANNED', 772, '2019-04-22'),
	(3145, 4.00, '', 'PLANNED', 772, '2019-05-01'),
	(3146, 8.00, '', 'PLANNED', 772, '2019-04-29'),
	(3147, 8.00, '', 'PLANNED', 771, '2019-05-06'),
	(3148, 8.00, '', 'PLANNED', 771, '2019-05-13'),
	(3149, 6.00, '', 'PLANNED', 771, '2019-05-20'),
	(3150, 10.00, '', 'PLANNED', 771, '2019-06-17'),
	(3151, 16.00, '', 'PLANNED', 772, '2019-05-06'),
	(3152, 16.00, '', 'PLANNED', 772, '2019-05-13'),
	(3153, 16.00, '', 'PLANNED', 772, '2019-05-20'),
	(3154, 16.00, '', 'PLANNED', 772, '2019-05-27'),
	(3155, 16.00, '', 'PLANNED', 772, '2019-06-03'),
	(3156, 16.00, '', 'PLANNED', 772, '2019-06-10'),
	(3157, 16.00, '', 'PLANNED', 772, '2019-06-17'),
	(3158, 16.00, '', 'PLANNED', 772, '2019-06-24'),
	(3159, 30.00, '', 'PLANNED', 770, '2019-06-03'),
	(3160, 30.00, '', 'PLANNED', 770, '2019-06-10'),
	(3161, 30.00, '', 'PLANNED', 770, '2019-06-17'),
	(3162, 10.00, '', 'PLANNED', 770, '2019-06-24'),
	(3163, 10.00, '', 'PLANNED', 770, '2019-07-01'),
	(3164, 10.00, '', 'PLANNED', 770, '2019-07-08'),
	(3165, 10.00, '', 'PLANNED', 770, '2019-07-15'),
	(3166, 8.00, '', 'PLANNED', 770, '2019-07-22'),
	(3167, 8.00, '', 'PLANNED', 770, '2019-07-29'),
	(3168, 30.00, '', 'PLANNED', 773, '2019-03-04'),
	(3169, 10.00, '', 'PLANNED', 773, '2019-03-11'),
	(3170, 5.00, '', 'PLANNED', 773, '2019-03-18'),
	(3171, 4.00, '', 'PLANNED', 773, '2019-03-25'),
	(3172, 4.00, '', 'PLANNED', 773, '2019-04-01'),
	(3173, 4.00, '', 'PLANNED', 773, '2019-04-08'),
	(3174, 2.00, '', 'PLANNED', 773, '2019-04-22'),
	(3175, 2.00, '', 'PLANNED', 773, '2019-05-06'),
	(3176, 12.00, '', 'PLANNED', 773, '2019-05-20'),
	(3177, 16.00, '', 'APPROVED', 768, '2019-03-04'),
	(3178, 8.00, 'proposal - 0094-20-70С_Rhenus 10k WH', 'APPROVED', 46, '2019-03-01'),
	(3179, 4.00, '0086-70-70C_Mareven Rollton', 'APPROVED', 46, '2019-03-04'),
	(3180, 28.00, '', 'APPROVED', 774, '2019-03-04'),
	(3181, 32.00, '', 'APPROVED', 774, '2019-03-11'),
	(3182, 37.00, '', 'APPROVED', 647, '2019-03-11'),
	(3183, 40.00, '', 'APPROVED', 614, '2019-03-11'),
	(3184, 40.00, '', 'APPROVED', 70, '2019-03-18'),
	(3185, 1.50, '1.demo day\n2. обсуждение должностных инструкций', 'APPROVED', 83, '2019-03-11'),
	(3186, 38.50, '', 'APPROVED', 615, '2019-03-11'),
	(3187, 24.00, '', 'APPROVED', 713, '2019-03-11'),
	(3188, 40.00, '', 'APPROVED', 770, '2019-03-11'),
	(3189, 16.00, '', 'APPROVED', 617, '2019-03-11'),
	(3190, 10.00, 'крепление панелей к жб стенам', 'APPROVED', 769, '2019-03-11'),
	(3191, 4.00, 'изменение гидроизоляции, оценка объема по МК лестницам', 'APPROVED', 639, '2019-03-11'),
	(3192, 2.00, 'Мираторг Калининград', 'APPROVED', 17, '2019-03-11'),
	(3193, 24.00, '', 'APPROVED', 773, '2019-03-11'),
	(3194, 8.00, '', 'APPROVED', 780, '2019-03-11'),
	(3195, 2.00, '', 'APPROVED', 604, '2019-03-11'),
	(3196, 8.00, '', 'APPROVED', 547, '2019-03-11'),
	(3197, 8.00, '', 'APPROVED', 574, '2019-03-11'),
	(3198, 24.00, '', 'APPROVED', 768, '2019-03-11'),
	(3199, 8.00, '', 'APPROVED', 603, '2019-03-11'),
	(3200, 6.00, '', 'APPROVED', 143, '2019-03-11'),
	(3201, 2.00, '0086 -  Zeelandia', 'APPROVED', 46, '2019-03-11'),
	(3202, 4.00, '', 'APPROVED', 67, '2019-03-11'),
	(3203, 3.00, '', 'APPROVED', 418, '2019-03-11'),
	(3204, 0.50, '', 'APPROVED', 557, '2019-03-11'),
	(3205, 2.50, '\r\n--- From User Start ---\r\nInternal meetings\r\n-- From User Start ---\r\n--- From User Start ---\r\nweekly project meeting; SALES in Cloud Presentation; New Proposal Templates Presentation ; Job Grades Discussion; Introduction into Agile\r\n-- From User Start ---', 'APPROVED', 580, '2019-03-11'),
	(3206, 20.00, 'АГО', 'APPROVED', 712, '2019-03-11'),
	(3207, 16.00, 'Фасонки потолочных сендвич панелей', 'DECLINED', 781, '2019-03-11'),
	(3208, 16.00, '', 'APPROVED', 782, '2019-03-11'),
	(3209, 4.00, '', 'APPROVED', 716, '2019-03-11'),
	(3210, 14.00, '', 'APPROVED', 584, '2019-03-11'),
	(3211, 37.00, '', 'APPROVED', 629, '2019-03-11'),
	(3212, 8.00, '', 'APPROVED', 289, '2019-03-11'),
	(3213, 32.00, '', 'APPROVED', 645, '2019-03-11'),
	(3214, 4.00, '', 'APPROVED', 457, '2019-03-11'),
	(3215, 4.00, '', 'APPROVED', 472, '2019-03-11'),
	(3216, 3.00, '', 'APPROVED', 152, '2019-03-11'),
	(3217, 4.00, '', 'APPROVED', 302, '2019-03-11'),
	(3218, 2.00, '', 'APPROVED', 300, '2019-03-11'),
	(3219, 26.00, '', 'APPROVED', 694, '2019-03-11'),
	(3220, 32.00, '', 'POSTED', 787, '2019-02-25'),
	(3221, 8.00, '', 'APPROVED', 787, '2019-03-01'),
	(3222, 21.00, '', 'APPROVED', 787, '2019-03-04'),
	(3223, 8.00, 'Проставление размерров на чертеже освещения , расчет заземления лестнечных клеток,', 'EDITABLE', 652, '2019-03-01'),
	(3224, 4.00, '', 'APPROVED', 783, '2019-03-11'),
	(3225, 24.00, '', 'APPROVED', 630, '2019-03-11'),
	(3226, 1.00, '', 'APPROVED', 787, '2019-03-11'),
	(3227, 2.00, '', 'APPROVED', 176, '2019-03-11'),
	(3228, 2.00, '', 'DECLINED', 457, '2019-03-18'),
	(3229, 10.00, '', 'APPROVED', 177, '2019-03-11'),
	(3230, 16.00, '', 'APPROVED', 645, '2019-03-18'),
	(3231, 27.00, '', 'POSTED', 788, '2019-03-11'),
	(3232, 24.00, 'Проставление размеров, оформление листов\r\n--- From User Start ---\r\nEG,UG\r\n-- From User Start ---', 'EDITABLE', 784, '2019-03-04'),
	(3233, 25.00, 'Оформление  отметок OG1-OG5', 'APPROVED', 784, '2019-03-11'),
	(3234, 2.00, 'Молниезащита', 'APPROVED', 697, '2019-03-11'),
	(3235, 2.00, '\r\n--- From User Start ---\r\nMiratorg\r\n-- From User Start ---', 'POSTED', 50, '2019-03-18'),
	(3236, 10.00, '\r\n--- From User Start ---\r\nMenegment\r\n-- From User Start ---', 'POSTED', 85, '2019-03-18'),
	(3237, 1.00, '', 'APPROVED', 780, '2019-03-18'),
	(3238, 2.00, '', 'DECLINED', 640, '2019-03-18'),
	(3239, 16.00, '', 'APPROVED', 646, '2019-03-11'),
	(3240, 8.00, '', 'APPROVED', 213, '2019-03-11'),
	(3241, 16.00, '', 'POSTED', 171, '2019-03-11'),
	(3242, 8.00, '', 'APPROVED', 78, '2019-03-01'),
	(3243, 32.00, '', 'APPROVED', 78, '2019-03-04'),
	(3244, 40.00, '', 'APPROVED', 78, '2019-03-11'),
	(3245, 8.00, '', 'PLANNED', 92, '2018-06-18'),
	(3246, 8.00, '', 'PLANNED', 92, '2018-06-25'),
	(3247, 8.00, '', 'PLANNED', 92, '2018-07-02'),
	(3248, 8.00, '', 'PLANNED', 92, '2018-07-09'),
	(3249, 8.00, '', 'PLANNED', 92, '2018-07-16'),
	(3250, 8.00, '', 'PLANNED', 92, '2018-07-23'),
	(3251, 8.00, '', 'PLANNED', 92, '2018-12-31'),
	(3252, 8.00, '', 'PLANNED', 92, '2019-01-07'),
	(3253, 8.00, '', 'PLANNED', 92, '2019-01-14'),
	(3254, 8.00, '', 'PLANNED', 92, '2019-01-21'),
	(3255, 16.00, '', 'APPROVED', 170, '2019-03-18'),
	(3256, 8.00, '', 'APPROVED', 646, '2019-03-18'),
	(3257, 4.00, '', 'APPROVED', 771, '2019-03-18'),
	(3258, 12.00, '', 'POSTED', 171, '2019-03-18'),
	(3259, 32.00, 'Оформление чертежей кабельных лотков на отметках -7.800, -4.050, 0.000, 6.600, 11,550, 13.200', 'POSTED', 697, '2019-03-18'),
	(3260, 8.00, 'Отправила EG-OG5, внесение исправлений', 'APPROVED', 784, '2019-03-18'),
	(3261, 40.00, '', 'POSTED', 644, '2019-03-11'),
	(3262, 40.00, '', 'POSTED', 644, '2019-03-18'),
	(3263, 22.00, '', 'APPROVED', 643, '2019-03-18'),
	(3264, 2.00, '', 'APPROVED', 472, '2019-03-18'),
	(3265, 27.00, '', 'APPROVED', 713, '2019-03-18'),
	(3321, 20.00, 'Замена мерзлого грунта', 'APPROVED', 769, '2019-03-18'),
	(3322, 20.00, '', 'APPROVED', 773, '2019-03-18'),
	(3323, 2.00, '', 'APPROVED', 302, '2019-03-18'),
	(3324, 6.00, '', 'APPROVED', 289, '2019-03-18'),
	(3325, 32.00, '', 'APPROVED', 694, '2019-03-18'),
	(3326, 8.00, 'корректировка альбома АГО (изменение планировк и фасадов здания в месте расположения холодильно-компрессорной установки, оси 13-15/М-П)', 'APPROVED', 712, '2019-03-18'),
	(3327, 4.00, 'координация', 'APPROVED', 772, '2019-03-18'),
	(3328, 8.00, 'Корректировка оконных проемов', 'APPROVED', 674, '2019-03-18'),
	(3329, 14.00, 'координация', 'APPROVED', 802, '2019-03-18'),
	(3330, 40.00, '', 'APPROVED', 800, '2019-03-18'),
	(3331, 38.00, '', 'APPROVED', 629, '2019-03-18'),
	(3332, 2.00, '', 'APPROVED', 152, '2019-03-18'),
	(3333, 8.00, '', 'PLANNED', 92, '2018-09-24'),
	(3334, 8.00, '', 'PLANNED', 92, '2018-10-01'),
	(3335, 8.00, '', 'PLANNED', 92, '2018-10-08'),
	(3336, 8.00, '', 'PLANNED', 92, '2018-10-15'),
	(3337, 8.00, '', 'PLANNED', 92, '2018-10-22'),
	(3349, 4.00, '', 'PLANNED', 796, '2018-11-05'),
	(3350, 4.00, '', 'PLANNED', 796, '2018-11-12'),
	(3351, 4.00, '', 'PLANNED', 796, '2018-11-19'),
	(3352, 4.00, '', 'PLANNED', 796, '2018-11-26'),
	(3353, 4.00, '', 'PLANNED', 796, '2018-12-03'),
	(3354, 4.00, '', 'PLANNED', 796, '2018-12-10'),
	(3355, 4.00, '', 'PLANNED', 796, '2018-12-17'),
	(3356, 4.00, '', 'PLANNED', 796, '2018-12-24'),
	(3357, 4.00, '', 'PLANNED', 796, '2018-12-31'),
	(3358, 4.00, '', 'PLANNED', 796, '2019-01-07'),
	(3359, 4.00, '', 'PLANNED', 796, '2019-01-14'),
	(3360, 4.00, '', 'PLANNED', 796, '2019-01-21'),
	(3361, 4.00, '', 'DECLINED', 803, '2019-03-18'),
	(3362, 3.00, '', 'APPROVED', 804, '2019-03-18'),
	(3363, 10.00, '', 'APPROVED', 795, '2019-03-18'),
	(3364, 16.00, '', 'APPROVED', 617, '2019-03-18'),
	(3365, 1.00, '0096_Kernel_update', 'APPROVED', 511, '2019-03-18'),
	(3366, 8.00, '', 'APPROVED', 584, '2019-03-18'),
	(3367, 2.00, '', 'APPROVED', 513, '2019-03-18'),
	(3368, 8.00, '', 'APPROVED', 143, '2019-03-18'),
	(3369, 8.00, '', 'POSTED', 79, '2019-03-18'),
	(3370, 12.00, '', 'POSTED', 612, '2019-03-18'),
	(3371, 8.00, '', 'APPROVED', 92, '2019-03-18'),
	(3372, 2.00, '', 'APPROVED', 805, '2019-03-18'),
	(3373, 16.00, '', 'APPROVED', 320, '2019-03-18'),
	(3374, 16.00, '', 'APPROVED', 630, '2019-03-18'),
	(3375, 8.00, '', 'APPROVED', 177, '2019-03-18'),
	(3376, 3.00, '', 'APPROVED', 701, '2019-03-11'),
	(3377, 35.00, '', 'APPROVED', 647, '2019-03-18'),
	(3378, 8.00, '', 'POSTED', 547, '2019-03-18'),
	(3379, 32.00, '', 'POSTED', 768, '2019-03-18'),
	(3380, 8.00, '', 'APPROVED', 581, '2019-03-01'),
	(3381, 24.00, '', 'APPROVED', 581, '2019-03-04'),
	(3382, 24.00, '', 'APPROVED', 581, '2019-03-11'),
	(3383, 24.00, '', 'APPROVED', 581, '2019-03-18'),
	(3384, 40.00, '', 'APPROVED', 78, '2019-03-18'),
	(3385, 40.00, '', 'APPROVED', 78, '2019-03-25'),
	(3386, 24.00, '', 'APPROVED', 581, '2019-03-25'),
	(3387, 40.00, '', 'APPROVED', 209, '2019-03-25'),
	(3388, 16.00, '', 'POSTED', 800, '2019-03-25'),
	(3389, 24.00, '', 'APPROVED', 770, '2019-03-25'),
	(3390, 2.00, '', 'POSTED', 45, '2019-03-18'),
	(3391, 2.00, '', 'POSTED', 152, '2019-03-25'),
	(3392, 38.00, '', 'POSTED', 629, '2019-03-25'),
	(3393, 35.00, '', 'APPROVED', 792, '2019-03-25'),
	(3394, 40.00, 'Оформление чертежей PEP, добавление листов с планами и разрезаи щитовых на уровне UG\r\n--- From User Start ---\r\nОформление MRO\r\n-- From User Start ---', 'POSTED', 784, '2019-03-25'),
	(3395, 40.00, '', 'POSTED', 645, '2019-03-25'),
	(3396, 37.00, '', 'POSTED', 807, '2019-03-18'),
	(3397, 3.00, '', 'POSTED', 788, '2019-03-18'),
	(3398, 24.00, '0104-10-70C_Bridgestone PM', 'POSTED', 46, '2019-03-25'),
	(3399, 16.00, '', 'APPROVED', 774, '2019-03-25'),
	(3400, 2.00, '0104-10-70C_Bridgestone PM', 'POSTED', 46, '2019-03-18'),
	(3401, 4.00, 'Weekly Project Meeting\nDetail Schedule - workshop\nFERREXPO PRESENT MODEL', 'POSTED', 580, '2019-03-18'),
	(3402, 0.50, 'Design Coordination', 'APPROVED', 557, '2019-03-18'),
	(3403, 33.50, 'Project organization', 'APPROVED', 774, '2019-03-18'),
	(3404, 40.00, '', 'POSTED', 647, '2019-03-25'),
	(3405, 8.00, '', 'POSTED', 484, '2019-03-01'),
	(3406, 32.00, '', 'POSTED', 484, '2019-03-04'),
	(3407, 40.00, '', 'POSTED', 484, '2019-03-11'),
	(3408, 24.00, '', 'POSTED', 484, '2019-03-18'),
	(3409, 16.00, '', 'POSTED', 484, '2019-03-25'),
	(3410, 16.00, '', 'POSTED', 808, '2019-03-18'),
	(3411, 16.00, '', 'POSTED', 808, '2019-03-25'),
	(3412, 8.00, '', 'APPROVED', 809, '2019-03-25'),
	(3413, 32.00, '', 'POSTED', 694, '2019-03-25'),
	(3414, 2.00, '', 'POSTED', 302, '2019-03-25'),
	(3415, 6.00, '', 'POSTED', 828, '2019-03-25'),
	(3416, 8.00, '', 'POSTED', 70, '2019-03-25'),
	(3417, 8.00, '', 'POSTED', 58, '2019-03-25'),
	(3418, 24.00, '', 'POSTED', 614, '2019-03-25'),
	(3419, 40.00, '', 'POSTED', 615, '2019-03-18'),
	(3420, 1.00, 'отчет', 'POSTED', 83, '2019-03-25'),
	(3421, 39.00, '', 'POSTED', 615, '2019-03-25'),
	(3422, 24.00, '', 'POSTED', 644, '2019-03-25'),
	(3423, 16.00, '', 'POSTED', 827, '2019-03-25'),
	(3424, 40.00, 'Перепланировка АБК', 'POSTED', 821, '2019-03-25'),
	(3425, 3.00, '', 'APPROVED', 815, '2019-03-25'),
	(3426, 10.00, '', 'APPROVED', 795, '2019-03-25'),
	(3427, 10.00, '', 'APPROVED', 617, '2019-03-25'),
	(3428, 17.00, '', 'APPROVED', 584, '2019-03-25'),
	(3429, 2.00, '', 'POSTED', 52, '2019-03-01'),
	(3430, 7.00, '', 'APPROVED', 775, '2019-03-04'),
	(3431, 6.00, '', 'APPROVED', 796, '2019-03-18'),
	(3432, 4.00, '', 'POSTED', 87, '2019-03-11'),
	(3433, 8.00, '', 'POSTED', 87, '2019-03-04'),
	(3434, 8.00, '', 'POSTED', 52, '2019-03-18'),
	(3435, 14.00, '', 'POSTED', 52, '2019-03-25'),
	(3436, 12.00, 'Menegment', 'POSTED', 85, '2019-03-25'),
	(3437, 4.00, '', 'EDITABLE', 801, '2019-03-25'),
	(3438, 8.00, '', 'EDITABLE', 818, '2019-03-25'),
	(3439, 8.00, '', 'EDITABLE', 824, '2019-03-25'),
	(3440, 6.00, '0004.0-70-70P MIRATORG Kitchen: КМ для кран-балки с площадкой; КМ для крепления конвейеров; Крепление ВОП (КМ)', 'POSTED', 50, '2019-03-25'),
	(3441, 2.00, '', 'POSTED', 793, '2019-03-25'),
	(3442, 4.00, '', 'APPROVED', 715, '2019-03-18'),
	(3443, 3.00, '', 'APPROVED', 710, '2019-03-11'),
	(3444, 3.00, '', 'APPROVED', 710, '2019-03-18'),
	(3445, 1.00, '', 'APPROVED', 719, '2019-03-04'),
	(3446, 1.00, '', 'APPROVED', 719, '2019-03-11'),
	(3447, 8.00, '', 'APPROVED', 775, '2019-03-11'),
	(3448, 8.00, '', 'APPROVED', 775, '2019-03-18'),
	(3449, 8.00, '', 'APPROVED', 775, '2019-03-25'),
	(3450, 4.00, '', 'APPROVED', 803, '2019-03-11'),
	(3451, 3.00, '', 'APPROVED', 660, '2019-03-01'),
	(3452, 2.00, '', 'POSTED', 87, '2019-03-01'),
	(3453, 4.00, '', 'APPROVED', 660, '2019-03-04'),
	(3454, 1.00, '\r\n--- From Manager Start ---\r\nпроект начат официально с недели 10. более рании трыты уместно написать на пропозал\r\n--- From Manager End ---', 'DECLINED', 775, '2019-03-01'),
	(3455, 2.00, '', 'APPROVED', 829, '2019-03-11'),
	(3456, 4.00, '', 'APPROVED', 830, '2019-03-18'),
	(3457, 4.00, '', 'APPROVED', 680, '2019-03-04'),
	(3458, 8.00, '', 'APPROVED', 660, '2019-03-11'),
	(3459, 2.00, '', 'APPROVED', 829, '2019-03-25'),
	(3460, 7.00, '', 'POSTED', 87, '2019-03-18'),
	(3461, 6.00, '', 'APPROVED', 796, '2019-03-11'),
	(3462, 8.00, '', 'POSTED', 52, '2019-03-11'),
	(3463, 8.00, '', 'POSTED', 639, '2019-03-25'),
	(3464, 32.00, '', 'APPROVED', 773, '2019-03-25'),
	(3465, 8.00, '', 'POSTED', 52, '2019-03-04'),
	(3466, 10.00, '', 'APPROVED', 796, '2019-03-25'),
	(3467, 6.00, '', 'POSTED', 87, '2019-03-25'),
	(3468, 2.00, '', 'APPROVED', 143, '2019-03-25'),
	(3469, 16.00, '', 'APPROVED', 92, '2019-03-25'),
	(3470, 12.00, '', 'POSTED', 686, '2019-03-25'),
	(3471, 6.00, '', 'POSTED', 612, '2019-03-25'),
	(3472, 2.00, '', 'APPROVED', 572, '2019-03-25'),
	(3473, 2.00, '', 'POSTED', 45, '2019-03-25'),
	(3474, 40.00, '', 'EDITABLE', 73, '2019-04-01'),
	(3475, 40.00, '', 'EDITABLE', 73, '2019-04-08'),
	(3476, 10.00, '', 'PLANNED', 831, '2019-04-08'),
	(3477, 10.00, '', 'PLANNED', 831, '2019-04-15'),
	(3478, 8.00, '', 'PLANNED', 831, '2019-04-22'),
	(3479, 11.00, '', 'PLANNED', 831, '2019-03-04'),
	(3480, 11.00, '', 'PLANNED', 831, '2019-03-11'),
	(3481, 11.00, '', 'PLANNED', 831, '2019-03-18'),
	(3482, 11.00, '', 'PLANNED', 831, '2019-03-25'),
	(3483, 11.00, '', 'PLANNED', 831, '2019-04-01');
/*!40000 ALTER TABLE `timesheet` ENABLE KEYS */;

-- Dumping structure for table kabanchik.timesheet_category
CREATE TABLE IF NOT EXISTS `timesheet_category` (
  `timesheet_category_id` int(11) NOT NULL AUTO_INCREMENT,
  `description` varchar(255) NOT NULL,
  `is_active` bit(1) NOT NULL DEFAULT b'1',
  `name` varchar(50) NOT NULL,
  `require_approval` bit(1) NOT NULL DEFAULT b'1',
  `allow_for_psr` bit(1) NOT NULL DEFAULT b'1',
  PRIMARY KEY (`timesheet_category_id`),
  UNIQUE KEY `Index 2` (`name`)
) ENGINE=InnoDB AUTO_INCREMENT=79 DEFAULT CHARSET=utf8;

-- Dumping data for table kabanchik.timesheet_category: ~78 rows (approximately)
/*!40000 ALTER TABLE `timesheet_category` DISABLE KEYS */;
INSERT INTO `timesheet_category` (`timesheet_category_id`, `description`, `is_active`, `name`, `require_approval`, `allow_for_psr`) VALUES
	(1, 'IMERYS Kaolin Plant. BD', b'0', '0001.0-40-38P', b'0', b'0'),
	(2, 'IMERYS Design for Permitting', b'0', '0001.1-40-38P', b'0', b'0'),
	(3, 'Auchan DAFI Dnipro', b'0', '0003-20-38P', b'0', b'0'),
	(4, 'MIRATORG Kitchen', b'0', '0004-70-70P', b'0', b'0'),
	(5, 'Auchan Odessa OVI BIM', b'0', '0005.1-20-38P', b'0', b'0'),
	(6, 'Auchan Odessa OVI Detail Design', b'0', '0005.2-20-38P', b'0', b'0'),
	(7, 'Use for vacation and dayoff postings', b'1', 'Vacation', b'1', b'1'),
	(8, '', b'0', 'BulkTest', b'0', b'0'),
	(9, 'Illness', b'1', 'Sick leave', b'1', b'0'),
	(10, '', b'1', 'Proposal', b'1', b'0'),
	(11, '', b'1', 'Overhead', b'1', b'0'),
	(12, 'Ferrexpo BIM', b'1', '0008-10-38P', b'1', b'1'),
	(13, 'AgroCity Krolevets', b'0', '0006.1-70-38P', b'0', b'0'),
	(14, 'AgroCity Rodyvyliv', b'0', '0006.2-70-38P', b'0', b'0'),
	(15, '', b'1', 'BIM Development', b'1', b'0'),
	(16, 'Training / Study / Conference', b'1', 'Training', b'1', b'0'),
	(17, 'FABER_KIDEAL2_Piling_DD', b'0', '0007.0-20-38P', b'0', b'0'),
	(18, 'TIKKURILA_BD', b'0', '0009-10-70P', b'1', b'1'),
	(19, 'IMMOCHAN_ODESSA_OVI_TDD', b'0', '0011-20-38P', b'0', b'0'),
	(20, 'WSP_ELECTRICAL', b'0', '0010-20-38P', b'0', b'0'),
	(21, 'AUCHAN_ODESSA_OVI_DfP', b'0', '0005.3-20-38P', b'0', b'0'),
	(22, 'AUCHAN_ODESSA_OVI_DS', b'0', '0005.4-20-38P', b'0', b'0'),
	(23, 'AUCHAN_ODESSA_OVI_TD', b'0', '0005.5-20-38P', b'0', b'0'),
	(24, 'AUCHAN_ODESSA_OVI_AS', b'0', '0005.6-20-38P', b'0', b'0'),
	(25, 'AGROCity_KROLEVEC_AS', b'0', '0006.11-70-38P', b'0', b'0'),
	(26, 'AGROCity_RODIVILIV_AS', b'0', '0006.21-70-38P', b'0', b'0'),
	(27, 'AUCHAN_ZDOLBUNIVSKA_TENDER', b'1', '0007.1-20-38P', b'1', b'1'),
	(28, 'CERSANIT_SANITARY_CERAMIC_BD', b'0', '0012-10-38P', b'0', b'0'),
	(29, 'BIM STANDARD DEVELOP', b'0', '700.01', b'0', b'0'),
	(30, 'REVIT 2018 templates DEVELOP', b'0', '700.02', b'0', b'0'),
	(31, 'BPB_BD', b'0', '0012.1-10-38P', b'0', b'0'),
	(32, 'KIA_BIM', b'0', '0014-30-38P', b'0', b'0'),
	(33, 'LEROY MERLIN_BD', b'0', '0015-20-70P', b'1', b'1'),
	(34, 'WSP_ELECTRICAL WO2', b'0', '0010.1-20-38P', b'0', b'0'),
	(35, 'STEEL_STRUCTURE_DD', b'0', '0016-10-70P', b'0', b'0'),
	(36, 'WSP_ELECTRICAL WO3 PEP', b'0', '0010.2-20-38P', b'0', b'0'),
	(37, 'MIRATORG_REFRIGERATOR', b'0', '0017-70-70P', b'1', b'1'),
	(38, 'MKhP_FORMULATION PLANT_TDD', b'0', '0018-10-38P', b'0', b'1'),
	(39, 'Proposal_HCU- AS', b'1', '0002.2-10-38P', b'1', b'1'),
	(40, 'Proposal_HCU - EL', b'0', '0002.3-10-38P', b'0', b'0'),
	(41, 'PILOT_UNIT.CITY', b'0', '0019-20-38P', b'1', b'1'),
	(42, 'СERSANIT_SANITARY_CERAMIC_DD', b'0', '0012.2-10-48Р', b'1', b'1'),
	(43, 'BPB_DD', b'0', '0012.3-10-48P', b'1', b'1'),
	(44, '0020-20-38P_UNIT.CITY_BIM360', b'1', '0020-20-38P', b'1', b'1'),
	(45, 'WSP LUA KOBLENZ LAB', b'0', '0021-70-38P', b'1', b'1'),
	(46, 'WSP CONTI BERLIN', b'0', '0022-10-38P', b'1', b'1'),
	(47, 'SAGA_CONSTRUCTION SUPERVISION', b'1', '0023-20-38P', b'1', b'1'),
	(48, 'MIRATORG Kitchen DD WO1', b'0', '0004.01-70-70P', b'1', b'1'),
	(49, 'FABER_KIDEAL2_Piling_DD_SA', b'0', '0007.01-20-38P', b'0', b'1'),
	(50, 'FOCUS MAIL ZELIONA GORA', b'1', '0025.0-20-48P', b'1', b'1'),
	(51, 'CRH_Alternative_fuel', b'0', '0024.0-10-38P', b'1', b'1'),
	(52, 'WSP CONTI BERLIN LP5', b'1', '0022.1-10-38P', b'1', b'1'),
	(53, 'LEROY MERLIN_BD BIM Model', b'0', '0015.1-20-70P', b'1', b'1'),
	(54, 'MIRATORG Kitchen DD AS', b'0', '0004.2-70-70P', b'1', b'1'),
	(55, 'AUCHAN_ZDOLBUNIVSKA_TENDER_Add.works1', b'1', '0007.11-20-38P', b'1', b'1'),
	(56, 'MIRATORG Kitchen DD WO2', b'0', '0004.02-70-70P', b'1', b'1'),
	(57, 'MIRATORG Kitchen DD WO3', b'0', '0004.03-70-70P', b'1', b'1'),
	(58, 'MIRATORG Kitchen DD WO4', b'0', '0004.04-70-70P', b'1', b'1'),
	(59, 'MIRATORG Kitchen DD WO5', b'0', '0004.05-70-70P', b'1', b'1'),
	(60, 'MIRATORG Kitchen DD WO6', b'1', '0004.06-70-70P', b'1', b'1'),
	(61, 'MIRATORG Kitchen DD WO7', b'1', '0004.07-70-70P', b'1', b'1'),
	(62, 'MIRATORG Kitchen DD WO8', b'1', '0004.08-70-70P', b'1', b'1'),
	(63, 'MIRATORG Kitchen DD WO9', b'0', '0004.09-70-70P', b'1', b'1'),
	(64, 'MIRATORG Kitchen DD WO 10', b'0', '0004.10-70-70P', b'1', b'1'),
	(65, 'MIRATORG Kitchen DD WO 11', b'0', '0004.11-70-70P', b'1', b'1'),
	(66, 'MIRATORG Kitchen DD WO 12', b'1', '0004.12-70-70P', b'1', b'1'),
	(67, 'MIRATORG Kitchen DD WO 13', b'1', '0004.13-70-70P', b'1', b'1'),
	(68, 'MIRATORG Kitchen DD WO 14', b'1', '0004.14-70-70P', b'1', b'1'),
	(69, 'MIRATORG Kitchen DD WO15', b'1', '0004.15-70-70P', b'1', b'1'),
	(70, 'MIRATORG Kitchen DD WO16', b'0', '0004.16-70-70P', b'1', b'1'),
	(71, 'MIRATORG Kitchen DD WO17', b'1', '0004.17-70-70P', b'1', b'1'),
	(72, 'StroyAlliance WH16', b'1', '0026-20-70Р', b'1', b'1'),
	(73, 'WSP_ELECTRICAL WO3 PEP', b'1', '0010.3-20-38P', b'1', b'1'),
	(74, 'RHENUS', b'1', '0027-20-70P', b'1', b'1'),
	(75, 'Miratorg Kitchen_3D modelling of smoke evacuation', b'1', '0004.18-70-70P', b'1', b'1'),
	(76, 'Miratorg Kitchen_stairs detail design', b'1', '0004.19-70-70P', b'1', b'1'),
	(77, 'Miratorg Kitchen_Replanning of the office (AR)', b'1', '0004.20-70-70P', b'1', b'1'),
	(78, 'Miratorg Kitchen_correcting detail design Smoke Damper', b'1', '0004.21-70-70P', b'1', b'1');
/*!40000 ALTER TABLE `timesheet_category` ENABLE KEYS */;

-- Dumping structure for table kabanchik.timesheet_category_managers
CREATE TABLE IF NOT EXISTS `timesheet_category_managers` (
  `timesheet_category_id` int(11) NOT NULL,
  `manager_id` int(11) NOT NULL,
  KEY `FK99bfd4n2ydnqhwfrm5cb46y88` (`manager_id`),
  KEY `FK2m470j23tl3nt4fyf21wtte86` (`timesheet_category_id`),
  CONSTRAINT `FK2m470j23tl3nt4fyf21wtte86` FOREIGN KEY (`timesheet_category_id`) REFERENCES `timesheet_category` (`timesheet_category_id`),
  CONSTRAINT `FK73mtxl7l9xs7oevpj3aueloy6` FOREIGN KEY (`manager_id`) REFERENCES `user_profiles` (`user_profile_id`),
  CONSTRAINT `FK99bfd4n2ydnqhwfrm5cb46y88` FOREIGN KEY (`manager_id`) REFERENCES `users` (`user_id`)
) ENGINE=InnoDB DEFAULT CHARSET=utf8;

-- Dumping data for table kabanchik.timesheet_category_managers: ~176 rows (approximately)
/*!40000 ALTER TABLE `timesheet_category_managers` DISABLE KEYS */;
INSERT INTO `timesheet_category_managers` (`timesheet_category_id`, `manager_id`) VALUES
	(16, 2),
	(16, 153),
	(16, 161),
	(1, 147),
	(2, 147),
	(3, 147),
	(3, 153),
	(4, 153),
	(4, 154),
	(5, 152),
	(5, 153),
	(6, 152),
	(6, 153),
	(21, 153),
	(22, 153),
	(23, 153),
	(24, 153),
	(13, 147),
	(13, 153),
	(25, 147),
	(25, 153),
	(25, 161),
	(14, 2),
	(14, 147),
	(14, 153),
	(26, 147),
	(26, 153),
	(26, 161),
	(17, 2),
	(17, 153),
	(34, 153),
	(34, 159),
	(36, 153),
	(36, 159),
	(20, 159),
	(19, 147),
	(28, 153),
	(28, 159),
	(28, 161),
	(28, 166),
	(31, 153),
	(31, 159),
	(31, 166),
	(32, 153),
	(32, 159),
	(35, 153),
	(29, 152),
	(29, 153),
	(30, 152),
	(30, 153),
	(40, 147),
	(49, 153),
	(51, 147),
	(38, 166),
	(46, 159),
	(45, 159),
	(53, 147),
	(53, 154),
	(56, 154),
	(56, 166),
	(57, 154),
	(57, 166),
	(59, 154),
	(59, 166),
	(48, 154),
	(48, 166),
	(63, 154),
	(63, 166),
	(64, 154),
	(64, 166),
	(7, 2),
	(7, 153),
	(7, 161),
	(9, 2),
	(9, 153),
	(9, 161),
	(10, 153),
	(10, 161),
	(11, 2),
	(11, 153),
	(11, 161),
	(12, 152),
	(12, 153),
	(12, 161),
	(15, 152),
	(15, 153),
	(15, 161),
	(39, 147),
	(39, 153),
	(39, 161),
	(55, 153),
	(55, 161),
	(52, 153),
	(52, 159),
	(52, 161),
	(50, 153),
	(50, 161),
	(50, 166),
	(47, 153),
	(47, 161),
	(47, 166),
	(44, 152),
	(44, 153),
	(44, 161),
	(43, 153),
	(43, 161),
	(43, 166),
	(42, 153),
	(42, 161),
	(42, 166),
	(72, 147),
	(72, 153),
	(72, 161),
	(18, 147),
	(18, 153),
	(18, 154),
	(18, 161),
	(73, 159),
	(61, 107),
	(61, 154),
	(61, 166),
	(27, 147),
	(74, 154),
	(74, 166),
	(60, 107),
	(60, 154),
	(60, 166),
	(66, 107),
	(66, 154),
	(66, 166),
	(67, 107),
	(67, 154),
	(67, 166),
	(69, 107),
	(69, 154),
	(69, 166),
	(71, 107),
	(71, 154),
	(71, 166),
	(68, 107),
	(68, 154),
	(68, 166),
	(62, 154),
	(62, 166),
	(75, 107),
	(75, 154),
	(75, 166),
	(76, 107),
	(76, 154),
	(76, 166),
	(77, 107),
	(77, 154),
	(77, 166),
	(78, 107),
	(78, 154),
	(78, 166),
	(33, 147),
	(33, 153),
	(33, 154),
	(37, 153),
	(37, 154),
	(37, 161),
	(41, 152),
	(41, 153),
	(41, 161),
	(65, 154),
	(65, 166),
	(70, 107),
	(70, 154),
	(70, 166),
	(58, 2),
	(58, 154),
	(58, 166),
	(54, 107),
	(54, 154),
	(54, 166);
/*!40000 ALTER TABLE `timesheet_category_managers` ENABLE KEYS */;

-- Dumping structure for table kabanchik.timesheet_rate
CREATE TABLE IF NOT EXISTS `timesheet_rate` (
  `timesheet_rate_id` int(11) NOT NULL AUTO_INCREMENT,
  `is_active` bit(1) NOT NULL DEFAULT b'1',
  `rate` decimal(19,2) NOT NULL,
  `timesheet_category_id` int(11) NOT NULL,
  `user_profile_id` int(11) NOT NULL,
  PRIMARY KEY (`timesheet_rate_id`),
  KEY `Index 5` (`timesheet_category_id`),
  KEY `FKpbv8fitwwaa8rt5khig8lwjlt` (`user_profile_id`),
  CONSTRAINT `FK8kfdnvan7bxpcpxkijfmp1rhe` FOREIGN KEY (`timesheet_category_id`) REFERENCES `timesheet_category` (`timesheet_category_id`),
  CONSTRAINT `FKl978k2b9dmit6nj425dw0su5h` FOREIGN KEY (`timesheet_category_id`) REFERENCES `timesheet_category` (`timesheet_category_id`),
  CONSTRAINT `FKpbv8fitwwaa8rt5khig8lwjlt` FOREIGN KEY (`user_profile_id`) REFERENCES `user_profiles` (`user_profile_id`)
) ENGINE=InnoDB AUTO_INCREMENT=832 DEFAULT CHARSET=utf8;

-- Dumping data for table kabanchik.timesheet_rate: ~641 rows (approximately)
/*!40000 ALTER TABLE `timesheet_rate` DISABLE KEYS */;
INSERT INTO `timesheet_rate` (`timesheet_rate_id`, `is_active`, `rate`, `timesheet_category_id`, `user_profile_id`) VALUES
	(3, b'0', 445.00, 4, 37),
	(4, b'0', 445.00, 3, 37),
	(8, b'0', 484.00, 6, 144),
	(9, b'1', 5.00, 7, 106),
	(11, b'0', 484.00, 8, 148),
	(16, b'0', 5.00, 8, 106),
	(17, b'1', 445.00, 10, 37),
	(18, b'1', 445.00, 9, 37),
	(22, b'0', 123.00, 2, 149),
	(29, b'1', 5.00, 1, 106),
	(32, b'1', 610.00, 4, 152),
	(34, b'1', 484.00, 4, 148),
	(37, b'1', 445.00, 4, 107),
	(38, b'1', 387.00, 4, 155),
	(39, b'1', 610.00, 4, 154),
	(40, b'1', 484.00, 4, 151),
	(41, b'1', 445.00, 4, 150),
	(42, b'1', 610.00, 5, 152),
	(43, b'1', 610.00, 6, 152),
	(44, b'1', 531.00, 10, 2),
	(45, b'1', 610.00, 10, 152),
	(46, b'1', 610.00, 10, 147),
	(47, b'1', 484.00, 10, 148),
	(48, b'1', 484.00, 10, 144),
	(50, b'1', 445.00, 10, 107),
	(51, b'1', 387.00, 10, 155),
	(52, b'1', 610.00, 10, 154),
	(53, b'1', 484.00, 10, 151),
	(54, b'1', 445.00, 10, 150),
	(55, b'1', 531.00, 9, 2),
	(56, b'1', 610.00, 9, 152),
	(57, b'1', 610.00, 9, 147),
	(58, b'1', 484.00, 9, 148),
	(59, b'1', 484.00, 9, 144),
	(61, b'1', 445.00, 9, 107),
	(62, b'1', 387.00, 9, 155),
	(63, b'1', 610.00, 9, 154),
	(64, b'1', 484.00, 9, 151),
	(65, b'1', 445.00, 9, 150),
	(66, b'1', 531.00, 7, 2),
	(67, b'1', 610.00, 7, 152),
	(68, b'1', 445.00, 7, 37),
	(69, b'1', 610.00, 7, 147),
	(70, b'1', 484.00, 7, 148),
	(71, b'1', 484.00, 7, 144),
	(73, b'1', 445.00, 7, 107),
	(74, b'1', 387.00, 7, 155),
	(75, b'1', 610.00, 7, 154),
	(76, b'1', 484.00, 7, 151),
	(77, b'1', 445.00, 7, 150),
	(78, b'1', 531.00, 11, 2),
	(79, b'1', 610.00, 11, 152),
	(80, b'1', 445.00, 11, 37),
	(82, b'1', 484.00, 11, 148),
	(83, b'1', 484.00, 11, 144),
	(85, b'1', 445.00, 11, 107),
	(86, b'1', 387.00, 11, 155),
	(87, b'1', 610.00, 11, 154),
	(88, b'1', 484.00, 11, 151),
	(92, b'1', 610.00, 12, 152),
	(97, b'1', 711.00, 12, 153),
	(99, b'1', 387.00, 12, 155),
	(106, b'1', 445.00, 6, 37),
	(107, b'1', 484.00, 6, 148),
	(109, b'1', 445.00, 6, 107),
	(110, b'1', 387.00, 6, 155),
	(113, b'1', 445.00, 6, 150),
	(117, b'1', 445.00, 13, 37),
	(122, b'1', 445.00, 13, 107),
	(127, b'1', 445.00, 13, 150),
	(131, b'1', 445.00, 14, 37),
	(132, b'1', 610.00, 14, 147),
	(136, b'1', 445.00, 14, 107),
	(141, b'1', 445.00, 14, 150),
	(142, b'1', 387.00, 15, 155),
	(143, b'1', 610.00, 15, 152),
	(145, b'1', 610.00, 16, 152),
	(146, b'1', 610.00, 16, 147),
	(147, b'1', 445.00, 16, 37),
	(148, b'1', 484.00, 16, 148),
	(149, b'1', 484.00, 16, 144),
	(151, b'1', 445.00, 16, 107),
	(152, b'1', 387.00, 16, 155),
	(153, b'1', 610.00, 16, 154),
	(154, b'1', 484.00, 16, 151),
	(155, b'1', 445.00, 16, 150),
	(156, b'1', 445.00, 17, 107),
	(157, b'1', 610.00, 1, 147),
	(158, b'1', 610.00, 2, 147),
	(159, b'1', 610.00, 3, 147),
	(160, b'1', 610.00, 5, 147),
	(161, b'1', 484.00, 2, 151),
	(162, b'1', 387.00, 13, 156),
	(163, b'1', 387.00, 14, 156),
	(164, b'1', 445.00, 3, 150),
	(165, b'1', 387.00, 5, 155),
	(166, b'1', 187.00, 3, 158),
	(167, b'1', 387.00, 6, 157),
	(168, b'1', 387.00, 13, 157),
	(169, b'1', 387.00, 14, 157),
	(170, b'1', 387.00, 9, 157),
	(171, b'1', 387.00, 16, 157),
	(172, b'1', 387.00, 7, 157),
	(173, b'1', 445.00, 5, 37),
	(174, b'1', 610.00, 13, 147),
	(175, b'1', 610.00, 7, 159),
	(176, b'1', 610.00, 16, 159),
	(177, b'1', 610.00, 10, 159),
	(178, b'1', 610.00, 15, 159),
	(180, b'1', 610.00, 9, 159),
	(182, b'1', 610.00, 6, 147),
	(187, b'1', 484.00, 12, 148),
	(188, b'1', 484.00, 13, 151),
	(189, b'0', 484.00, 12, 151),
	(196, b'1', 387.00, 2, 155),
	(197, b'1', 610.00, 18, 147),
	(198, b'1', 387.00, 18, 155),
	(209, b'1', 531.00, 11, 160),
	(210, b'1', 531.00, 9, 160),
	(212, b'1', 531.00, 7, 160),
	(213, b'1', 387.00, 10, 157),
	(214, b'1', 387.00, 11, 157),
	(215, b'1', 387.00, 1, 157),
	(216, b'1', 387.00, 19, 157),
	(217, b'1', 610.00, 20, 159),
	(257, b'1', 484.00, 19, 144),
	(258, b'0', 484.00, 28, 144),
	(261, b'0', 610.00, 29, 152),
	(264, b'0', 610.00, 30, 152),
	(265, b'0', 445.00, 30, 37),
	(266, b'0', 484.00, 30, 148),
	(267, b'0', 387.00, 30, 155),
	(269, b'1', 610.00, 19, 159),
	(270, b'0', 610.00, 28, 159),
	(271, b'1', 610.00, 19, 147),
	(272, b'1', 387.00, 7, 163),
	(274, b'1', 387.00, 1, 163),
	(275, b'1', 387.00, 2, 163),
	(276, b'1', 387.00, 3, 163),
	(277, b'1', 387.00, 4, 163),
	(278, b'1', 387.00, 5, 163),
	(279, b'1', 387.00, 6, 163),
	(280, b'1', 387.00, 21, 163),
	(281, b'1', 387.00, 22, 163),
	(282, b'1', 387.00, 23, 163),
	(283, b'1', 387.00, 24, 163),
	(284, b'1', 387.00, 13, 163),
	(285, b'1', 387.00, 25, 163),
	(286, b'1', 387.00, 14, 163),
	(287, b'1', 387.00, 26, 163),
	(288, b'1', 387.00, 17, 163),
	(289, b'1', 387.00, 27, 163),
	(290, b'1', 387.00, 12, 163),
	(291, b'1', 387.00, 18, 163),
	(292, b'1', 387.00, 20, 163),
	(293, b'1', 387.00, 19, 163),
	(299, b'1', 387.00, 11, 163),
	(300, b'1', 387.00, 10, 163),
	(301, b'1', 387.00, 9, 163),
	(302, b'1', 387.00, 16, 163),
	(305, b'1', 610.00, 1, 159),
	(306, b'1', 610.00, 2, 159),
	(307, b'1', 610.00, 3, 159),
	(308, b'1', 610.00, 4, 159),
	(309, b'1', 610.00, 5, 159),
	(310, b'1', 610.00, 6, 159),
	(311, b'1', 610.00, 21, 159),
	(312, b'1', 610.00, 22, 159),
	(313, b'1', 610.00, 23, 159),
	(314, b'1', 610.00, 24, 159),
	(315, b'1', 610.00, 13, 159),
	(316, b'1', 610.00, 25, 159),
	(317, b'1', 610.00, 14, 159),
	(318, b'1', 610.00, 26, 159),
	(319, b'1', 610.00, 17, 159),
	(320, b'1', 610.00, 27, 159),
	(321, b'1', 610.00, 12, 159),
	(322, b'1', 610.00, 18, 159),
	(324, b'1', 610.00, 20, 147),
	(328, b'1', 387.00, 1, 155),
	(329, b'1', 387.00, 3, 155),
	(330, b'1', 387.00, 21, 155),
	(331, b'1', 387.00, 22, 155),
	(332, b'1', 387.00, 23, 155),
	(333, b'1', 387.00, 24, 155),
	(334, b'1', 387.00, 13, 155),
	(335, b'1', 387.00, 25, 155),
	(336, b'1', 387.00, 14, 155),
	(337, b'1', 387.00, 26, 155),
	(338, b'1', 387.00, 17, 155),
	(339, b'1', 387.00, 27, 155),
	(340, b'1', 387.00, 20, 155),
	(341, b'1', 387.00, 19, 155),
	(344, b'1', 610.00, 1, 152),
	(345, b'1', 610.00, 2, 152),
	(346, b'1', 610.00, 3, 152),
	(347, b'1', 610.00, 21, 152),
	(348, b'1', 610.00, 22, 152),
	(349, b'1', 610.00, 23, 152),
	(350, b'1', 610.00, 24, 152),
	(351, b'1', 610.00, 13, 152),
	(352, b'1', 610.00, 25, 152),
	(353, b'1', 610.00, 14, 152),
	(354, b'1', 610.00, 26, 152),
	(355, b'1', 610.00, 17, 152),
	(356, b'1', 610.00, 27, 152),
	(357, b'1', 610.00, 18, 152),
	(358, b'1', 610.00, 20, 152),
	(359, b'1', 610.00, 19, 152),
	(362, b'1', 387.00, 2, 157),
	(363, b'1', 387.00, 3, 157),
	(364, b'1', 387.00, 4, 157),
	(365, b'1', 387.00, 5, 157),
	(366, b'1', 387.00, 21, 157),
	(367, b'1', 387.00, 22, 157),
	(368, b'1', 387.00, 23, 157),
	(369, b'1', 387.00, 24, 157),
	(370, b'1', 387.00, 25, 157),
	(371, b'1', 387.00, 26, 157),
	(372, b'1', 387.00, 17, 157),
	(373, b'1', 387.00, 27, 157),
	(374, b'0', 387.00, 12, 157),
	(375, b'1', 387.00, 18, 157),
	(376, b'1', 387.00, 20, 157),
	(377, b'0', 387.00, 28, 157),
	(381, b'1', 387.00, 31, 163),
	(382, b'1', 610.00, 31, 159),
	(384, b'1', 610.00, 31, 152),
	(385, b'1', 610.00, 31, 147),
	(386, b'1', 445.00, 31, 37),
	(387, b'1', 484.00, 31, 148),
	(388, b'1', 484.00, 31, 144),
	(390, b'1', 445.00, 31, 107),
	(391, b'1', 387.00, 31, 157),
	(392, b'1', 387.00, 31, 155),
	(394, b'1', 610.00, 31, 154),
	(395, b'1', 484.00, 31, 151),
	(396, b'1', 445.00, 31, 150),
	(397, b'1', 387.00, 32, 163),
	(398, b'1', 610.00, 32, 159),
	(400, b'1', 610.00, 32, 152),
	(401, b'1', 610.00, 32, 147),
	(402, b'1', 445.00, 32, 37),
	(403, b'1', 484.00, 32, 148),
	(404, b'1', 484.00, 32, 144),
	(406, b'1', 445.00, 32, 107),
	(407, b'1', 387.00, 32, 157),
	(408, b'1', 387.00, 32, 155),
	(410, b'1', 610.00, 32, 154),
	(411, b'1', 484.00, 32, 151),
	(412, b'1', 445.00, 32, 150),
	(414, b'0', 387.00, 33, 163),
	(415, b'0', 610.00, 33, 159),
	(417, b'0', 610.00, 33, 152),
	(418, b'1', 610.00, 33, 147),
	(419, b'0', 445.00, 33, 37),
	(420, b'0', 484.00, 33, 148),
	(421, b'0', 484.00, 33, 144),
	(423, b'0', 445.00, 33, 107),
	(424, b'0', 387.00, 33, 157),
	(425, b'0', 387.00, 33, 155),
	(427, b'1', 610.00, 33, 154),
	(428, b'0', 484.00, 33, 151),
	(429, b'0', 445.00, 33, 150),
	(430, b'1', 445.00, 25, 107),
	(431, b'1', 445.00, 26, 107),
	(432, b'0', 610.00, 1, 154),
	(433, b'0', 610.00, 2, 154),
	(434, b'0', 610.00, 3, 154),
	(435, b'1', 610.00, 5, 154),
	(436, b'1', 610.00, 6, 154),
	(437, b'1', 610.00, 21, 154),
	(438, b'1', 610.00, 22, 154),
	(439, b'1', 610.00, 23, 154),
	(440, b'1', 610.00, 24, 154),
	(441, b'1', 610.00, 13, 154),
	(442, b'1', 610.00, 25, 154),
	(443, b'1', 610.00, 14, 154),
	(444, b'1', 610.00, 26, 154),
	(445, b'1', 610.00, 17, 154),
	(446, b'0', 610.00, 27, 154),
	(447, b'0', 610.00, 12, 154),
	(448, b'1', 610.00, 18, 154),
	(449, b'1', 610.00, 20, 154),
	(450, b'1', 610.00, 19, 154),
	(455, b'1', 445.00, 26, 150),
	(456, b'1', 375.00, 17, 164),
	(457, b'1', 375.00, 27, 164),
	(458, b'1', 375.00, 12, 164),
	(459, b'1', 375.00, 18, 164),
	(460, b'1', 375.00, 20, 164),
	(461, b'1', 375.00, 19, 164),
	(462, b'0', 375.00, 28, 164),
	(463, b'1', 375.00, 31, 164),
	(464, b'1', 375.00, 32, 164),
	(465, b'0', 375.00, 33, 164),
	(469, b'1', 375.00, 11, 164),
	(470, b'1', 375.00, 10, 164),
	(471, b'1', 375.00, 9, 164),
	(472, b'1', 375.00, 16, 164),
	(473, b'1', 375.00, 7, 164),
	(474, b'1', 387.00, 7, 156),
	(476, b'1', 387.00, 10, 156),
	(477, b'1', 387.00, 9, 156),
	(478, b'1', 387.00, 16, 156),
	(480, b'1', 387.00, 18, 156),
	(481, b'1', 387.00, 27, 156),
	(482, b'1', 375.00, 7, 165),
	(483, b'1', 375.00, 16, 165),
	(484, b'1', 375.00, 9, 165),
	(485, b'1', 375.00, 10, 165),
	(488, b'1', 375.00, 20, 165),
	(489, b'1', 375.00, 18, 165),
	(490, b'0', 387.00, 33, 156),
	(491, b'1', 610.00, 34, 159),
	(492, b'1', 610.00, 34, 152),
	(493, b'1', 375.00, 34, 165),
	(494, b'1', 375.00, 34, 164),
	(495, b'0', 445.00, 35, 150),
	(496, b'0', 5.00, 8, 162),
	(497, b'1', 375.00, 36, 164),
	(498, b'1', 610.00, 36, 159),
	(499, b'1', 484.00, 36, 151),
	(500, b'1', 375.00, 36, 165),
	(501, b'1', 610.00, 36, 152),
	(502, b'1', 445.00, 25, 150),
	(503, b'0', 445.00, 28, 37),
	(504, b'0', 484.00, 28, 151),
	(506, b'1', 610.00, 31, 166),
	(511, b'1', 610.00, 10, 166),
	(512, b'1', 610.00, 9, 166),
	(513, b'1', 610.00, 16, 166),
	(514, b'1', 610.00, 7, 166),
	(515, b'1', 445.00, 18, 150),
	(516, b'1', 387.00, 37, 163),
	(518, b'1', 375.00, 37, 164),
	(519, b'1', 610.00, 37, 159),
	(521, b'1', 610.00, 37, 152),
	(522, b'1', 445.00, 37, 37),
	(523, b'1', 610.00, 37, 147),
	(524, b'1', 484.00, 37, 148),
	(525, b'1', 484.00, 37, 144),
	(527, b'1', 445.00, 37, 107),
	(528, b'1', 387.00, 37, 157),
	(529, b'1', 387.00, 37, 155),
	(531, b'1', 610.00, 37, 154),
	(532, b'1', 610.00, 37, 166),
	(533, b'1', 387.00, 37, 156),
	(534, b'1', 484.00, 37, 151),
	(535, b'1', 445.00, 37, 150),
	(536, b'1', 375.00, 37, 165),
	(537, b'1', 445.00, 17, 37),
	(538, b'1', 387.00, 31, 156),
	(539, b'0', 445.00, 38, 150),
	(540, b'0', 375.00, 38, 165),
	(541, b'0', 610.00, 38, 166),
	(542, b'0', 387.00, 38, 157),
	(543, b'1', 375.00, 31, 165),
	(544, b'1', 570.00, 18, 167),
	(545, b'0', 570.00, 33, 167),
	(547, b'1', 570.00, 10, 167),
	(548, b'1', 570.00, 9, 167),
	(549, b'1', 570.00, 7, 167),
	(550, b'1', 445.00, 15, 37),
	(551, b'1', 484.00, 15, 148),
	(552, b'1', 375.00, 27, 165),
	(553, b'1', 445.00, 27, 150),
	(554, b'0', 610.00, 39, 159),
	(555, b'1', 445.00, 39, 150),
	(556, b'0', 387.00, 39, 157),
	(557, b'1', 610.00, 39, 147),
	(558, b'1', 610.00, 40, 147),
	(559, b'0', 610.00, 39, 152),
	(560, b'1', 610.00, 40, 152),
	(561, b'1', 610.00, 28, 152),
	(562, b'0', 610.00, 38, 152),
	(563, b'0', 387.00, 38, 156),
	(564, b'1', 387.00, 41, 156),
	(565, b'1', 610.00, 41, 152),
	(566, b'1', 484.00, 42, 148),
	(567, b'1', 445.00, 42, 107),
	(568, b'1', 445.00, 42, 150),
	(569, b'1', 610.00, 42, 166),
	(570, b'1', 445.00, 42, 37),
	(571, b'1', 610.00, 43, 166),
	(572, b'1', 610.00, 44, 152),
	(574, b'1', 570.00, 37, 167),
	(575, b'1', 570.00, 16, 167),
	(576, b'1', 610.00, 40, 159),
	(577, b'1', 610.00, 4, 166),
	(578, b'1', 812.00, 11, 161),
	(579, b'1', 610.00, 11, 159),
	(580, b'1', 610.00, 11, 147),
	(581, b'1', 50.00, 11, 168),
	(582, b'1', 570.00, 11, 167),
	(583, b'1', 711.00, 11, 153),
	(584, b'1', 610.00, 11, 166),
	(585, b'1', 387.00, 11, 156),
	(586, b'1', 445.00, 11, 150),
	(587, b'1', 375.00, 11, 165),
	(588, b'1', 610.00, 45, 159),
	(590, b'1', 375.00, 45, 164),
	(591, b'1', 375.00, 45, 165),
	(594, b'1', 610.00, 45, 152),
	(595, b'1', 610.00, 46, 159),
	(596, b'1', 387.00, 46, 163),
	(597, b'1', 375.00, 46, 164),
	(598, b'1', 610.00, 46, 152),
	(599, b'1', 387.00, 46, 157),
	(600, b'1', 387.00, 46, 155),
	(601, b'1', 387.00, 46, 156),
	(602, b'1', 375.00, 46, 165),
	(603, b'1', 610.00, 47, 152),
	(604, b'1', 610.00, 47, 166),
	(605, b'0', 445.00, 48, 37),
	(606, b'0', 610.00, 48, 154),
	(607, b'0', 570.00, 48, 167),
	(608, b'0', 570.00, 4, 167),
	(609, b'0', 610.00, 48, 166),
	(610, b'1', 387.00, 46, 169),
	(611, b'1', 445.00, 49, 107),
	(612, b'1', 610.00, 50, 152),
	(613, b'1', 445.00, 50, 37),
	(614, b'1', 484.00, 50, 148),
	(615, b'1', 484.00, 50, 144),
	(616, b'1', 445.00, 50, 107),
	(617, b'1', 610.00, 50, 166),
	(618, b'1', 484.00, 50, 151),
	(619, b'1', 445.00, 50, 150),
	(620, b'1', 445.00, 51, 107),
	(621, b'1', 387.00, 51, 157),
	(622, b'1', 610.00, 51, 147),
	(623, b'1', 445.00, 51, 150),
	(624, b'1', 375.00, 51, 165),
	(625, b'1', 387.00, 51, 169),
	(626, b'0', 445.00, 48, 107),
	(627, b'0', 484.00, 48, 151),
	(628, b'0', 387.00, 48, 157),
	(629, b'1', 387.00, 52, 155),
	(630, b'1', 610.00, 52, 159),
	(631, b'1', 610.00, 53, 154),
	(632, b'1', 610.00, 53, 152),
	(633, b'1', 610.00, 53, 147),
	(634, b'1', 570.00, 53, 167),
	(635, b'1', 387.00, 53, 156),
	(636, b'1', 484.00, 54, 151),
	(637, b'1', 610.00, 54, 154),
	(638, b'1', 610.00, 54, 166),
	(639, b'1', 445.00, 54, 37),
	(640, b'1', 445.00, 54, 107),
	(641, b'1', 570.00, 54, 167),
	(642, b'1', 387.00, 55, 163),
	(643, b'1', 375.00, 55, 164),
	(644, b'1', 387.00, 55, 156),
	(645, b'1', 375.00, 52, 164),
	(646, b'1', 387.00, 52, 157),
	(647, b'1', 387.00, 52, 169),
	(648, b'1', 610.00, 47, 174),
	(649, b'1', 375.00, 7, 177),
	(650, b'1', 375.00, 9, 177),
	(651, b'1', 375.00, 11, 177),
	(652, b'1', 375.00, 52, 177),
	(653, b'1', 375.00, 46, 177),
	(654, b'1', 375.00, 41, 177),
	(655, b'1', 375.00, 45, 177),
	(656, b'1', 375.00, 53, 177),
	(657, b'0', 375.00, 48, 165),
	(658, b'1', 570.00, 56, 167),
	(659, b'0', 610.00, 57, 154),
	(660, b'1', 610.00, 58, 154),
	(661, b'0', 610.00, 59, 154),
	(662, b'0', 610.00, 63, 154),
	(663, b'1', 610.00, 60, 154),
	(664, b'1', 610.00, 61, 154),
	(665, b'0', 610.00, 62, 154),
	(666, b'0', 445.00, 58, 37),
	(667, b'0', 445.00, 58, 107),
	(668, b'0', 610.00, 58, 166),
	(669, b'1', 445.00, 61, 37),
	(670, b'0', 484.00, 59, 151),
	(671, b'0', 387.00, 59, 157),
	(672, b'0', 610.00, 59, 166),
	(673, b'1', 610.00, 61, 166),
	(674, b'1', 484.00, 62, 151),
	(675, b'1', 445.00, 63, 107),
	(676, b'0', 610.00, 63, 166),
	(677, b'1', 570.00, 65, 167),
	(678, b'1', 570.00, 64, 167),
	(679, b'1', 445.00, 65, 37),
	(680, b'1', 610.00, 65, 154),
	(681, b'0', 610.00, 65, 166),
	(682, b'0', 610.00, 62, 166),
	(683, b'1', 484.00, 61, 151),
	(684, b'0', 445.00, 57, 37),
	(685, b'0', 445.00, 62, 37),
	(686, b'1', 610.00, 52, 152),
	(687, b'0', 387.00, 39, 176),
	(688, b'0', 375.00, 39, 165),
	(689, b'0', 445.00, 39, 37),
	(690, b'0', 484.00, 39, 171),
	(691, b'1', 484.00, 47, 171),
	(692, b'1', 484.00, 47, 148),
	(693, b'1', 484.00, 47, 178),
	(694, b'1', 387.00, 52, 163),
	(695, b'1', 387.00, 52, 156),
	(696, b'1', 445.00, 47, 37),
	(697, b'1', 375.00, 27, 177),
	(698, b'0', 387.00, 39, 156),
	(699, b'1', 387.00, 9, 169),
	(700, b'1', 387.00, 7, 169),
	(701, b'1', 387.00, 11, 169),
	(702, b'1', 387.00, 61, 163),
	(703, b'1', 484.00, 42, 151),
	(704, b'1', 484.00, 42, 144),
	(705, b'1', 387.00, 42, 155),
	(706, b'1', 375.00, 42, 164),
	(707, b'1', 375.00, 42, 165),
	(708, b'1', 387.00, 47, 155),
	(709, b'1', 375.00, 47, 164),
	(710, b'1', 610.00, 67, 154),
	(711, b'1', 445.00, 67, 150),
	(712, b'1', 484.00, 67, 151),
	(713, b'1', 445.00, 66, 107),
	(714, b'1', 610.00, 66, 166),
	(715, b'1', 610.00, 66, 154),
	(716, b'1', 610.00, 67, 166),
	(717, b'1', 484.00, 68, 151),
	(718, b'1', 610.00, 68, 166),
	(719, b'1', 610.00, 68, 154),
	(720, b'0', 445.00, 67, 107),
	(721, b'1', 711.00, 39, 153),
	(722, b'1', 711.00, 60, 153),
	(723, b'1', 711.00, 61, 153),
	(724, b'1', 711.00, 66, 153),
	(725, b'1', 711.00, 67, 153),
	(726, b'1', 711.00, 68, 153),
	(727, b'1', 711.00, 54, 153),
	(728, b'1', 711.00, 27, 153),
	(729, b'1', 711.00, 55, 153),
	(730, b'1', 711.00, 18, 153),
	(731, b'1', 711.00, 42, 153),
	(732, b'1', 711.00, 43, 153),
	(733, b'1', 711.00, 37, 153),
	(734, b'1', 711.00, 41, 153),
	(735, b'1', 711.00, 44, 153),
	(736, b'1', 711.00, 52, 153),
	(737, b'1', 711.00, 47, 153),
	(738, b'1', 711.00, 50, 153),
	(739, b'1', 711.00, 15, 153),
	(740, b'1', 711.00, 10, 153),
	(741, b'1', 711.00, 9, 153),
	(742, b'1', 711.00, 16, 153),
	(743, b'1', 711.00, 7, 153),
	(744, b'1', 812.00, 39, 161),
	(745, b'1', 812.00, 60, 161),
	(746, b'1', 812.00, 61, 161),
	(747, b'1', 812.00, 66, 161),
	(748, b'1', 812.00, 67, 161),
	(749, b'1', 812.00, 68, 161),
	(750, b'1', 812.00, 54, 161),
	(751, b'1', 812.00, 27, 161),
	(752, b'1', 812.00, 55, 161),
	(753, b'1', 812.00, 12, 161),
	(754, b'1', 812.00, 18, 161),
	(755, b'1', 812.00, 42, 161),
	(756, b'1', 812.00, 43, 161),
	(757, b'1', 812.00, 37, 161),
	(758, b'1', 812.00, 41, 161),
	(759, b'1', 812.00, 44, 161),
	(760, b'1', 812.00, 52, 161),
	(761, b'1', 812.00, 47, 161),
	(762, b'1', 812.00, 50, 161),
	(763, b'1', 812.00, 15, 161),
	(764, b'1', 812.00, 10, 161),
	(765, b'1', 812.00, 9, 161),
	(766, b'1', 812.00, 16, 161),
	(767, b'1', 812.00, 7, 161),
	(768, b'1', 570.00, 69, 167),
	(769, b'1', 445.00, 70, 37),
	(770, b'1', 445.00, 72, 150),
	(771, b'1', 387.00, 72, 157),
	(772, b'1', 484.00, 72, 151),
	(773, b'1', 445.00, 72, 37),
	(774, b'1', 610.00, 72, 147),
	(775, b'1', 610.00, 72, 154),
	(776, b'1', 570.00, 72, 167),
	(777, b'1', 375.00, 72, 164),
	(778, b'1', 387.00, 72, 169),
	(779, b'1', 387.00, 72, 155),
	(780, b'1', 445.00, 72, 107),
	(781, b'0', 484.00, 70, 151),
	(782, b'1', 484.00, 66, 151),
	(783, b'1', 610.00, 73, 159),
	(784, b'1', 375.00, 73, 177),
	(785, b'1', 375.00, 73, 164),
	(786, b'1', 375.00, 27, 185),
	(787, b'1', 375.00, 52, 185),
	(788, b'1', 375.00, 15, 185),
	(789, b'1', 375.00, 11, 185),
	(790, b'1', 375.00, 9, 185),
	(791, b'1', 375.00, 7, 185),
	(792, b'1', 387.00, 74, 157),
	(793, b'1', 445.00, 74, 107),
	(794, b'1', 387.00, 74, 156),
	(795, b'1', 610.00, 74, 166),
	(796, b'1', 610.00, 74, 154),
	(797, b'1', 375.00, 74, 164),
	(798, b'1', 387.00, 74, 169),
	(799, b'1', 387.00, 74, 163),
	(800, b'1', 445.00, 71, 150),
	(801, b'1', 445.00, 71, 107),
	(802, b'1', 484.00, 71, 151),
	(803, b'1', 610.00, 70, 166),
	(804, b'1', 610.00, 71, 166),
	(805, b'1', 610.00, 72, 152),
	(806, b'1', 375.00, 55, 177),
	(807, b'1', 375.00, 55, 185),
	(808, b'1', 375.00, 52, 165),
	(809, b'1', 375.00, 72, 165),
	(810, b'1', 610.00, 75, 166),
	(811, b'1', 387.00, 75, 156),
	(812, b'1', 610.00, 75, 154),
	(813, b'1', 445.00, 75, 107),
	(814, b'1', 610.00, 76, 154),
	(815, b'1', 610.00, 76, 166),
	(816, b'1', 484.00, 76, 151),
	(817, b'1', 445.00, 76, 37),
	(818, b'1', 445.00, 76, 107),
	(819, b'1', 610.00, 77, 154),
	(820, b'1', 610.00, 77, 166),
	(821, b'1', 484.00, 77, 151),
	(822, b'0', 387.00, 77, 163),
	(823, b'1', 445.00, 77, 37),
	(824, b'1', 445.00, 78, 107),
	(825, b'1', 610.00, 78, 154),
	(826, b'1', 610.00, 78, 166),
	(827, b'1', 387.00, 78, 156),
	(828, b'1', 387.00, 78, 163),
	(829, b'1', 610.00, 70, 154),
	(830, b'1', 610.00, 71, 154),
	(831, b'1', 812.00, 75, 161);
/*!40000 ALTER TABLE `timesheet_rate` ENABLE KEYS */;

-- Dumping structure for table kabanchik.users
CREATE TABLE IF NOT EXISTS `users` (
  `user_id` int(11) NOT NULL AUTO_INCREMENT,
  `email` varchar(255) NOT NULL,
  `password` varchar(255) NOT NULL,
  `role` enum('USER','EXECUTOR','ADMIN','INTERNAL') NOT NULL DEFAULT 'USER',
  `is_active` bit(1) NOT NULL DEFAULT b'0',
  `security_code` varchar(32) NOT NULL,
  `auth_failure_count` tinyint(4) NOT NULL DEFAULT '0',
  PRIMARY KEY (`user_id`),
  UNIQUE KEY `Unique` (`email`)
) ENGINE=InnoDB AUTO_INCREMENT=186 DEFAULT CHARSET=utf8;

-- Dumping data for table kabanchik.users: ~40 rows (approximately)
/*!40000 ALTER TABLE `users` DISABLE KEYS */;
INSERT INTO `users` (`user_id`, `email`, `password`, `role`, `is_active`, `security_code`, `auth_failure_count`) VALUES
	(2, 'diana.dolgodush@teb-in.com', '$2a$10$t9lyP6unVYCFumN/qFTyOu5iFs9ZSiWZbCNhfgWFyI64CdxsgKmVK', 'ADMIN', b'1', 'as5ei94h1g4ckug9u6h8r9ehnb', 0),
	(37, 'maksym.dema@tebin.pro', '$2a$10$AG8c2snh/BKghqXErLOkKeYhxuOZ9V8DfFrz93pR1i8j1EBK6ChHW', 'USER', b'1', '1dc8duucrl4c3bdt148gpnp5h1', 0),
	(106, 'admina@localhost.com', '$2a$10$vPi6AQDZFomGl37N/v5EX.c7AXA9/h8DwiUWs69.6.PjAJfEJw0zC', 'ADMIN', b'1', '', 0),
	(107, 'oleksiy.brukva@tebin.pro', '$2a$10$IZSidYJHPFJTeU.X/.TKoeFrvIqe/laQtDHYL4NHSUer5R8wBueYW', 'EXECUTOR', b'1', '', 0),
	(144, 'natalia.lyalina@tebin.pro', '$2a$10$hd4sVRw1ihiDwYv2OwQzguvBJPGw9ts7LLPd8MVyX7jJJwrPQY.p6', 'USER', b'1', '', 0),
	(147, 'maksim.mionchynsky@tebin.pro', '$2a$10$7ldokI0irqSoQGooCqO2eu9foVhe.T2YHbEpCyjMK.3gj2NRvwqLO', 'EXECUTOR', b'1', '', 0),
	(148, 'marina.andrienko@tebin.pro', '$2a$10$yPw2mCEanl53/3UlnDdxt.0anWkAXR7.Li3u10x6H7K4c3w5z0d82', 'USER', b'1', 'suqe7map1ofnvqtag3ubiutrgl', 0),
	(149, 'admind@localhost.com', '$2a$10$xH/NBWqF4Y8xQfTJ173oQ.TTyAi2gqlIzJa.MkK.y5xdvKGHMSuLy', 'USER', b'0', '', 0),
	(150, 'yaroslav.chupryna@tebin.pro', '$2a$10$fzJPZBQPBfhE8UR//xNs9.WF/cayF8im8XbqynQy/xmG/8xGQHObK', 'USER', b'1', 'krttbtlglt3ft3roi6g5hjmg6c', 0),
	(151, 'vladimyr.kuts@tebin.pro', '$2a$10$VFBfLuN.q6Gb0XQEOVmioeG2ycyTJx1TosH6KGgAzblcubc3vMbkC', 'USER', b'1', '', 0),
	(152, 'dmitry.makarov@teb-in.com', '$2a$10$3znbXW.0Q.0hXEjhBmDc7.NXvv/4HUCAiwuzI8BobdKH8250O.UQG', 'EXECUTOR', b'1', '', 0),
	(153, 'oleg.moskalenko@teb-in.com', '$2a$10$YlqP2PhGhib0NDT7/tama.f462mKaREy4UydTDyS.qcuOb9OVI/zO', 'ADMIN', b'1', '', 0),
	(154, 'timur.mikhailov@teb-in.com', '$2a$10$Dq4nWkd6Ub49k/FDZFhjhuJWG254GnxXQZSv7eLOBMX8ka3nHNyxO', 'EXECUTOR', b'1', '', 0),
	(155, 'roman.kostenko@tebin.pro', '$2a$10$9grhZqrQEgIJ.JBTy6jq5ur3MMhIgsgSogM83wcM2Ttyzn3LrUT3K', 'USER', b'1', 't2un47joaarei6ct7k0l3satbd', 0),
	(156, 'volodymyr.yanushevsky@tebin.pro', '$2a$10$3kh5S0jTCehujo3EDszacudtfu.d1BvRLIsgG5Ks5wmMcsnhJY1Be', 'USER', b'1', '', 0),
	(157, 'pavlo.ploshchadnyi@tebin.pro', '$2a$10$fAswfWmdSdzKIP6Sam4tz.jR0cdxlsTG.DNEi0HmRw23H6grayhB6', 'USER', b'1', '', 0),
	(158, 'admine@localhost.com', '$2a$10$FYbN9NMy4r8CpaXMmOBfruumO63SyU2/N.NOBvdwXUoRTDEKN9zGq', 'USER', b'0', '', 0),
	(159, 'andrii.sheronov@tebin.pro', '$2a$10$No5/gHmHz01OLknXKh185Oq26RK2ikGXY1TuHM8F/U4KOxpi3yqC6', 'EXECUTOR', b'1', '', 0),
	(160, 'tetiana.peresada@tebin.pro', '$2a$10$YAIWi.84/Wde3MtlYtqQX.QNrHnapjGL26swHGpCCnTuG6q9vHYWa', 'USER', b'1', '', 0),
	(161, 'aleksandr.nikitin@tebin.pro', '$2a$10$JXqMMgNeOZjfSErw3Aw1b.Px33BTYBYQRbXlxG6QsJrI06/nOLOCm', 'ADMIN', b'1', '', 0),
	(162, 'alextymofeev@gmail.com', '$2a$10$kk.NhTjhM1uc1e.FcIaxre.LKqoAh5tAjel7tEcxKuLMF1N61oclm', 'USER', b'0', 'v9da8pbhi8r7amhg84p4f2u9pc', 0),
	(163, 'Aleksandr.Rusetskyi@tebin.pro', '$2a$10$aSXxAT4t53BCUSZbC0T9nunXz1qhCeDGCvqsuRzZXDu62pZiQiDZm', 'USER', b'1', '', 0),
	(164, 'alesia.mytrofanova@tebin.pro', '$2a$10$SodPZTkuVNiwBjXahNo6JOnweJx1FeXr1ISEmQe6Q9w0eqzPwwD9e', 'USER', b'1', '', 0),
	(165, 'yuriy.smagluk@tebin.pro', '$2a$10$MLx1X9xfVxuHvYZoIJpV2.935LHlajqFPFyJhdCSRh7PoHXaeYyti', 'USER', b'1', '', 0),
	(166, 'vadim.khurtilov@tebin.pro', '$2a$10$llrS7f7laNQbvw57.7m0kuTbN67GQeyrenn.pPWIEY11zZ/sHkFoe', 'EXECUTOR', b'1', '', 0),
	(167, 'nikolay.vasyuta@tebin.pro', '$2a$10$4oFP0ionaQy5Te1aLsLgk.sUeMCYFs8UYh9oP0BKaDBUGQ4mo8boa', 'USER', b'1', 'lf1flf39vta2f9qtedt5l48s03', 0),
	(168, 'maksym.bilyansky@tebin.pro', '$2a$10$S7OQpVIpi20mByXcGzv4Ee3z8uW4UwzbAg/BixPcMOffOJLXsyQNq', 'USER', b'1', '', 0),
	(169, 'evhenii.shapiro@tebin.pro', '$2a$10$nGPZkN3UXUAkYcQ6m6hVeuUbHH5zLIKA3gQqD9bcYYUcfoIvReN5W', 'USER', b'1', '', 0),
	(170, 'olha.yatsiv@tebin.pro', '$2a$10$jIWzziTovDnm8wnIo/Y.hON0yhSCh.x9WcehIHTHXYj33gXYvRZBK', 'USER', b'1', '', 0),
	(171, '1@tebin.pro', '$2a$10$G.MS2WtfQuu/rUsjpRveUOzrcXpFzBAYXz8QAewrDeWvKYLHxcwqy', 'INTERNAL', b'1', '', 0),
	(172, '2@tebin.pro', '$2a$10$YM053uHWY3rGTFo6ENlL5Okn8DurieBPg0lFHG3fpKKVbiW4f40yi', 'INTERNAL', b'1', '', 0),
	(173, '3@tebin.pro', '$2a$10$Tb5Y.V/lifbF8MCV0JCNOOfmKIcL0ytx4X0SeeEXiLbBvWMTtRioi', 'INTERNAL', b'1', '', 0),
	(174, '4@tebin.pro', '$2a$10$Y3v/jG9RHd264DmTqNSDmunmDTUlAmnpYQ6XAvx5c.z9xUXd4uthW', 'INTERNAL', b'1', '', 0),
	(175, '5@tebin.pro', '$2a$10$890F0I4IqtTH81oBdF0yv.eH49zKRKjEq5o.grLyFf5Cf6swSuua6', 'INTERNAL', b'1', '', 0),
	(176, '6@tebin.pro', '$2a$10$y3DEp94V5xMHBTDa/ANpMeQsU2qMc2MGwL9MgGMqYquK2z/cfkLju', 'INTERNAL', b'1', '', 0),
	(177, 'valeriia.onikiichuk@tebin.pro', '$2a$10$E0rIszZsgT/ypo9CAeYbhOCaTgqXhJqhy2tW1UF8SAzP2q6JfK4UW', 'USER', b'1', '', 0),
	(178, '7@tebin.pro', '$2a$10$BtAzf2wvKiKIoCSTTMQw2OPZx1Pup6rOttEVSbyU6jHnX8S8dpUR6', 'INTERNAL', b'1', '', 0),
	(180, '9@tebin.pro', '$2a$10$jMqMJ0R0x7F3jr4n86CWb.69yLgPLbhrluBd5W9Hkmf5NOPc1e0nq', 'INTERNAL', b'1', '', 0),
	(183, '12@tebin.pro', '$2a$10$SWhdfIOkqYkTrvUcB8B7XeWmiYnSk/fapmPPDcWBog.pENi9fsS9q', 'INTERNAL', b'1', '', 0),
	(185, 'stefan.tsvetkov@tebin.pro', '$2a$10$.5AxArzRy1qsscYRl1MfP.cpuDUIF6kKLU3mBYRafr9Gvc9nnTZs.', 'USER', b'1', '', 0);
/*!40000 ALTER TABLE `users` ENABLE KEYS */;

-- Dumping structure for table kabanchik.user_profiles
CREATE TABLE IF NOT EXISTS `user_profiles` (
  `user_profile_id` int(11) NOT NULL AUTO_INCREMENT,
  `first_name` varchar(255) NOT NULL DEFAULT '',
  `last_name` varchar(255) NOT NULL DEFAULT '',
  `localization_id` varchar(2) NOT NULL,
  `base_rate` decimal(19,2) NOT NULL,
  `department_id` int(11) NOT NULL,
  `receive_reminder` bit(1) NOT NULL DEFAULT b'1',
  PRIMARY KEY (`user_profile_id`),
  KEY `FK6xaxxbd3xbkh81xg4hlq5v5ph` (`department_id`),
  KEY `FKs8bol3af9rwxrra3n1cng3i2q` (`localization_id`),
  CONSTRAINT `FK6xaxxbd3xbkh81xg4hlq5v5ph` FOREIGN KEY (`department_id`) REFERENCES `department` (`department_id`),
  CONSTRAINT `FKmtfh5jgmxsjvgw5hgws6ft9l9` FOREIGN KEY (`user_profile_id`) REFERENCES `users` (`user_id`),
  CONSTRAINT `FKs8bol3af9rwxrra3n1cng3i2q` FOREIGN KEY (`localization_id`) REFERENCES `localizations` (`localization_id`)
) ENGINE=InnoDB AUTO_INCREMENT=186 DEFAULT CHARSET=utf8;

-- Dumping data for table kabanchik.user_profiles: ~40 rows (approximately)
/*!40000 ALTER TABLE `user_profiles` DISABLE KEYS */;
INSERT INTO `user_profiles` (`user_profile_id`, `first_name`, `last_name`, `localization_id`, `base_rate`, `department_id`, `receive_reminder`) VALUES
	(2, 'Diana', 'Dolgodush', 'EN', 531.00, 11, b'0'),
	(37, 'Maksim', 'Dema', 'EN', 445.00, 9, b'1'),
	(106, 'Alexw34', 'Tim', 'EN', 5.00, 11, b'0'),
	(107, 'Oleksiy', 'Brukva', 'EN', 445.00, 9, b'1'),
	(144, 'Natalia', 'Lyalina', 'RU', 484.00, 1, b'1'),
	(147, 'Maksim', 'Mionchynsky', 'EN', 610.00, 6, b'1'),
	(148, 'Marina', 'Andrienko', 'RU', 484.00, 1, b'1'),
	(149, 'test', 'test', 'EN', 123.00, 2, b'0'),
	(150, 'Yaroslav', 'Chuprina', 'EN', 445.00, 9, b'1'),
	(151, 'Vladimir', 'Kuts', 'EN', 484.00, 1, b'1'),
	(152, 'Dmitry', 'Makarov', 'EN', 610.00, 7, b'1'),
	(153, 'Oleg', 'Moskalenko', 'EN', 711.00, 11, b'0'),
	(154, 'Timur', 'Mikhailov', 'RU', 610.00, 7, b'1'),
	(155, 'Roman', 'Kostenko', 'EN', 387.00, 10, b'1'),
	(156, 'Vladimir', 'Yanushevskiy', 'EN', 387.00, 10, b'1'),
	(157, 'Pavlo', 'Ploshchadnyi', 'RU', 387.00, 10, b'1'),
	(158, 'Vitaliy', 'Guk', 'EN', 187.00, 12, b'0'),
	(159, 'Andrii', 'Sheronov', 'EN', 610.00, 7, b'1'),
	(160, 'Tetiana', 'Peresada', 'EN', 531.00, 11, b'1'),
	(161, 'Aleksandr', 'Nikitin', 'EN', 812.00, 11, b'0'),
	(162, 'Alexander', 'Tymofieiev', 'EN', 5.00, 2, b'1'),
	(163, 'Aleksandr', 'Rusetskyi', 'EN', 387.00, 10, b'1'),
	(164, 'Alesia', 'Mitrofanova', 'EN', 375.00, 5, b'1'),
	(165, 'Yuriy', 'Smaglyuk', 'EN', 375.00, 5, b'1'),
	(166, 'Vadim', 'Khurtilov', 'EN', 610.00, 7, b'1'),
	(167, 'Nikolay', 'Vasyuta', 'RU', 570.00, 6, b'1'),
	(168, 'Maksym', 'Bilyansky', 'EN', 50.00, 11, b'1'),
	(169, 'Evhenii', 'Shapiro', 'RU', 387.00, 10, b'1'),
	(170, 'Olha', 'Yatsiv', 'EN', 484.00, 1, b'1'),
	(171, 'Architect 1', '', 'EN', 484.00, 1, b'0'),
	(172, 'Electrical Engineer 1', '', 'EN', 375.00, 5, b'0'),
	(173, 'Structural Engineer 1', '', 'EN', 445.00, 9, b'0'),
	(174, 'PM', '', 'EN', 610.00, 7, b'0'),
	(175, 'Mechanical', '', 'EN', 387.00, 10, b'0'),
	(176, 'Mechanical 2', '', 'EN', 387.00, 10, b'0'),
	(177, 'Valeriia', 'Onikiichuk', 'EN', 375.00, 5, b'1'),
	(178, 'Architect 2', '', 'EN', 484.00, 1, b'0'),
	(180, 'Electrical Engineer 2', '', 'EN', 375.00, 5, b'0'),
	(183, 'Structural Engineer 2', '', 'EN', 445.00, 9, b'0'),
	(185, 'Stefan', 'Tsvetkov', 'EN', 375.00, 5, b'1');
/*!40000 ALTER TABLE `user_profiles` ENABLE KEYS */;

/*!40101 SET SQL_MODE=IFNULL(@OLD_SQL_MODE, '') */;
/*!40014 SET FOREIGN_KEY_CHECKS=IF(@OLD_FOREIGN_KEY_CHECKS IS NULL, 1, @OLD_FOREIGN_KEY_CHECKS) */;
/*!40101 SET CHARACTER_SET_CLIENT=@OLD_CHARACTER_SET_CLIENT */;
